{"type": "FeatureCollection", "features": [{"type": "Feature", "properties": {"name": "hex_002_028", "depth_2023": 148.0, "normal_2023": 17.4, "anomaly_2023": 130.6, "tier_2023": 0, "triggered_2023": false, "thresholds_2023": [182.8, 215.4, 246.6]}, "geometry": {"type": "Polygon", "coordinates": [[[172.9511844376665, -34.61403018684966], [172.89478638295822, -34.53570929732912], [172.78199027354157, -34.53570929732912], [172.72559221883327, -34.61403018684966], [172.78199027354157, -34.6923510763702], [172.89478638295822, -34.6923510763702], [172.9511844376665, -34.61403018684966]]]}}, {"type": "Feature", "properties": {"name": "hex_002_029", "depth_2023": 143.4, "normal_2023": 19.5, "anomaly_2023": 123.9, "tier_2023": 0, "triggered_2023": false, "thresholds_2023": [184.3, 217.1, 248.7]}, "geometry": {"type": "Polygon", "coordinates": [[[172.9511844376665, -34.45738840780858], [172.89478638295822, -34.37906751828804], [172.78199027354157, -34.37906751828804], [172.72559221883327, -34.45738840780858], [172.78199027354157, -34.53570929732912], [172.89478638295822, -34.53570929732912], [172.9511844376665, -34.45738840780858]]]}}, {"type": "Feature", "properties": {"name": "hex_003_027", "depth_2023": 146.2, "normal_2023": 12.8, "anomaly_2023": 133.4, "tier_2023": 0, "triggered_2023": false, "thresholds_2023": [177.9, 212.3, 245.3]}, "geometry": {"type": "Polygon", "coordinates": [[[173.1203786017915, -34.6923510763702], [173.0639805470832, -34.61403018684966], [172.95118443766654, -34.61403018684966], [172.89478638295824, -34.6923510763702], [172.95118443766654, -34.77067196589074], [173.0639805470832, -34.77067196589074], [173.1203786017915, -34.6923510763702]]]}}, {"type": "Feature", "properties": {"name": "hex_004_024", "depth_2023": 176.0, "normal_2023": 9.2, "anomaly_2023": 166.7, "tier_2023": 1, "triggered_2023": true, "thresholds_2023": [164.2, 192.7, 220.0]}, "geometry": {"type": "Polygon", "coordinates": [[[173.28957276591643, -35.240597303014], [173.23317471120814, -35.16227641349346], [173.1203786017915, -35.16227641349346], [173.0639805470832, -35.240597303014], [173.1203786017915, -35.31891819253454], [173.23317471120814, -35.31891819253454], [173.28957276591643, -35.240597303014]]]}}, {"type": "Feature", "properties": {"name": "hex_004_025", "depth_2023": 158.2, "normal_2023": 9.1, "anomaly_2023": 149.1, "tier_2023": 0, "triggered_2023": false, "thresholds_2023": [162.3, 190.7, 217.9]}, "geometry": {"type": "Polygon", "coordinates": [[[173.28957276591643, -35.08395552397291], [173.23317471120814, -35.00563463445237], [173.1203786017915, -35.00563463445237], [173.0639805470832, -35.08395552397291], [173.1203786017915, -35.16227641349345], [173.23317471120814, -35.16227641349345], [173.28957276591643, -35.08395552397291]]]}}, {"type": "Feature", "properties": {"name": "hex_004_026", "depth_2023": 137.9, "normal_2023": 9.6, "anomaly_2023": 128.3, "tier_2023": 0, "triggered_2023": false, "thresholds_2023": [156.6, 183.1, 208.6]}, "geometry": {"type": "Polygon", "coordinates": [[[173.28957276591643, -34.92731374493183], [173.23317471120814, -34.84899285541129], [173.1203786017915, -34.84899285541129], [173.0639805470832, -34.92731374493183], [173.1203786017915, -35.00563463445237], [173.23317471120814, -35.00563463445237], [173.28957276591643, -34.92731374493183]]]}}, {"type": "Feature", "properties": {"name": "hex_005_022", "depth_2023": 170.1, "normal_2023": 9.3, "anomaly_2023": 160.7, "tier_2023": 0, "triggered_2023": false, "thresholds_2023": [161.0, 188.2, 214.3]}, "geometry": {"type": "Polygon", "coordinates": [[[173.45876693004138, -35.47555997157562], [173.40236887533308, -35.39723908205508], [173.28957276591643, -35.39723908205508], [173.23317471120814, -35.47555997157562], [173.28957276591643, -35.55388086109616], [173.40236887533308, -35.55388086109616], [173.45876693004138, -35.47555997157562]]]}}, {"type": "Feature", "properties": {"name": "hex_005_023", "depth_2023": 176.0, "normal_2023": 9.6, "anomaly_2023": 166.4, "tier_2023": 1, "triggered_2023": true, "thresholds_2023": [160.3, 187.1, 212.9]}, "geometry": {"type": "Polygon", "coordinates": [[[173.45876693004138, -35.31891819253454], [173.40236887533308, -35.240597303014], [173.28957276591643, -35.240597303014], [173.23317471120814, -35.31891819253454], [173.28957276591643, -35.39723908205508], [173.40236887533308, -35.39723908205508], [173.45876693004138, -35.31891819253454]]]}}, {"type": "Feature", "properties": {"name": "hex_005_024", "depth_2023": 171.0, "normal_2023": 9.6, "anomaly_2023": 161.4, "tier_2023": 1, "triggered_2023": true, "thresholds_2023": [157.0, 183.5, 208.9]}, "geometry": {"type": "Polygon", "coordinates": [[[173.45876693004138, -35.16227641349346], [173.40236887533308, -35.08395552397292], [173.28957276591643, -35.08395552397292], [173.23317471120814, -35.16227641349346], [173.28957276591643, -35.240597303014], [173.40236887533308, -35.240597303014], [173.45876693004138, -35.16227641349346]]]}}, {"type": "Feature", "properties": {"name": "hex_005_025", "depth_2023": 158.3, "normal_2023": 9.4, "anomaly_2023": 148.8, "tier_2023": 0, "triggered_2023": false, "thresholds_2023": [153.5, 179.1, 203.7]}, "geometry": {"type": "Polygon", "coordinates": [[[173.45876693004138, -35.00563463445237], [173.40236887533308, -34.92731374493183], [173.28957276591643, -34.92731374493183], [173.23317471120814, -35.00563463445237], [173.28957276591643, -35.08395552397291], [173.40236887533308, -35.08395552397291], [173.45876693004138, -35.00563463445237]]]}}, {"type": "Feature", "properties": {"name": "hex_006_022", "depth_2023": 176.4, "normal_2023": 10.1, "anomaly_2023": 166.3, "tier_2023": 1, "triggered_2023": true, "thresholds_2023": [154.7, 180.5, 205.2]}, "geometry": {"type": "Polygon", "coordinates": [[[173.62796109416632, -35.55388086109616], [173.57156303945803, -35.47555997157562], [173.45876693004138, -35.47555997157562], [173.40236887533308, -35.55388086109616], [173.45876693004138, -35.6322017506167], [173.57156303945803, -35.6322017506167], [173.62796109416632, -35.55388086109616]]]}}, {"type": "Feature", "properties": {"name": "hex_006_024", "depth_2023": 156.2, "normal_2023": 10.0, "anomaly_2023": 146.2, "tier_2023": 0, "triggered_2023": false, "thresholds_2023": [151.4, 176.5, 200.6]}, "geometry": {"type": "Polygon", "coordinates": [[[173.62796109416632, -35.240597303014], [173.57156303945803, -35.16227641349346], [173.45876693004138, -35.16227641349346], [173.40236887533308, -35.240597303014], [173.45876693004138, -35.31891819253454], [173.57156303945803, -35.31891819253454], [173.62796109416632, -35.240597303014]]]}}, {"type": "Feature", "properties": {"name": "hex_006_025", "depth_2023": 147.6, "normal_2023": 10.2, "anomaly_2023": 137.4, "tier_2023": 0, "triggered_2023": false, "thresholds_2023": [149.3, 173.4, 196.4]}, "geometry": {"type": "Polygon", "coordinates": [[[173.62796109416632, -35.08395552397291], [173.57156303945803, -35.00563463445237], [173.45876693004138, -35.00563463445237], [173.40236887533308, -35.08395552397291], [173.45876693004138, -35.16227641349345], [173.57156303945803, -35.16227641349345], [173.62796109416632, -35.08395552397291]]]}}, {"type": "Feature", "properties": {"name": "hex_007_020", "depth_2023": 166.5, "normal_2023": 10.2, "anomaly_2023": 156.3, "tier_2023": 1, "triggered_2023": true, "thresholds_2023": [152.4, 178.0, 202.5]}, "geometry": {"type": "Polygon", "coordinates": [[[173.7971552582913, -35.78884352965779], [173.740757203583, -35.71052264013725], [173.62796109416635, -35.71052264013725], [173.57156303945806, -35.78884352965779], [173.62796109416635, -35.86716441917833], [173.740757203583, -35.86716441917833], [173.7971552582913, -35.78884352965779]]]}}, {"type": "Feature", "properties": {"name": "hex_007_021", "depth_2023": 184.6, "normal_2023": 10.4, "anomaly_2023": 174.2, "tier_2023": 1, "triggered_2023": true, "thresholds_2023": [158.9, 186.9, 213.8]}, "geometry": {"type": "Polygon", "coordinates": [[[173.7971552582913, -35.63220175061671], [173.740757203583, -35.55388086109617], [173.62796109416635, -35.55388086109617], [173.57156303945806, -35.63220175061671], [173.62796109416635, -35.71052264013725], [173.740757203583, -35.71052264013725], [173.7971552582913, -35.63220175061671]]]}}, {"type": "Feature", "properties": {"name": "hex_007_022", "depth_2023": 184.6, "normal_2023": 10.4, "anomaly_2023": 174.2, "tier_2023": 1, "triggered_2023": true, "thresholds_2023": [159.8, 189.3, 217.5]}, "geometry": {"type": "Polygon", "coordinates": [[[173.7971552582913, -35.47555997157562], [173.740757203583, -35.39723908205508], [173.62796109416635, -35.39723908205508], [173.57156303945806, -35.47555997157562], [173.62796109416635, -35.55388086109616], [173.740757203583, -35.55388086109616], [173.7971552582913, -35.47555997157562]]]}}, {"type": "Feature", "properties": {"name": "hex_007_023", "depth_2023": 163.3, "normal_2023": 10.3, "anomaly_2023": 153.1, "tier_2023": 0, "triggered_2023": false, "thresholds_2023": [156.1, 184.4, 211.6]}, "geometry": {"type": "Polygon", "coordinates": [[[173.7971552582913, -35.31891819253454], [173.740757203583, -35.240597303014], [173.62796109416635, -35.240597303014], [173.57156303945806, -35.31891819253454], [173.62796109416635, -35.39723908205508], [173.740757203583, -35.39723908205508], [173.7971552582913, -35.31891819253454]]]}}, {"type": "Feature", "properties": {"name": "hex_007_024", "depth_2023": 145.8, "normal_2023": 10.4, "anomaly_2023": 135.4, "tier_2023": 0, "triggered_2023": false, "thresholds_2023": [150.9, 176.2, 200.5]}, "geometry": {"type": "Polygon", "coordinates": [[[173.7971552582913, -35.16227641349346], [173.740757203583, -35.08395552397292], [173.62796109416635, -35.08395552397292], [173.57156303945806, -35.16227641349346], [173.62796109416635, -35.240597303014], [173.740757203583, -35.240597303014], [173.7971552582913, -35.16227641349346]]]}}, {"type": "Feature", "properties": {"name": "hex_007_025", "depth_2023": 126.8, "normal_2023": 10.5, "anomaly_2023": 116.4, "tier_2023": 0, "triggered_2023": false, "thresholds_2023": [143.0, 165.7, 187.5]}, "geometry": {"type": "Polygon", "coordinates": [[[173.7971552582913, -35.00563463445237], [173.740757203583, -34.92731374493183], [173.62796109416635, -34.92731374493183], [173.57156303945806, -35.00563463445237], [173.62796109416635, -35.08395552397291], [173.740757203583, -35.08395552397291], [173.7971552582913, -35.00563463445237]]]}}, {"type": "Feature", "properties": {"name": "hex_008_019", "depth_2023": 162.6, "normal_2023": 9.9, "anomaly_2023": 152.7, "tier_2023": 1, "triggered_2023": true, "thresholds_2023": [136.0, 157.1, 177.3]}, "geometry": {"type": "Polygon", "coordinates": [[[173.96634942241624, -36.02380619821941], [173.90995136770795, -35.94548530869887], [173.7971552582913, -35.94548530869887], [173.740757203583, -36.02380619821941], [173.7971552582913, -36.10212708773995], [173.90995136770795, -36.10212708773995], [173.96634942241624, -36.02380619821941]]]}}, {"type": "Feature", "properties": {"name": "hex_008_020", "depth_2023": 173.8, "normal_2023": 10.2, "anomaly_2023": 163.6, "tier_2023": 1, "triggered_2023": true, "thresholds_2023": [148.3, 173.9, 198.4]}, "geometry": {"type": "Polygon", "coordinates": [[[173.96634942241624, -35.86716441917833], [173.90995136770795, -35.78884352965779], [173.7971552582913, -35.78884352965779], [173.740757203583, -35.86716441917833], [173.7971552582913, -35.94548530869887], [173.90995136770795, -35.94548530869887], [173.96634942241624, -35.86716441917833]]]}}, {"type": "Feature", "properties": {"name": "hex_008_021", "depth_2023": 173.8, "normal_2023": 10.4, "anomaly_2023": 163.4, "tier_2023": 1, "triggered_2023": true, "thresholds_2023": [154.9, 183.6, 211.2]}, "geometry": {"type": "Polygon", "coordinates": [[[173.96634942241624, -35.71052264013725], [173.90995136770795, -35.63220175061671], [173.7971552582913, -35.63220175061671], [173.740757203583, -35.71052264013725], [173.7971552582913, -35.78884352965779], [173.90995136770795, -35.78884352965779], [173.96634942241624, -35.71052264013725]]]}}, {"type": "Feature", "properties": {"name": "hex_008_022", "depth_2023": 168.7, "normal_2023": 10.7, "anomaly_2023": 158.0, "tier_2023": 0, "triggered_2023": false, "thresholds_2023": [161.5, 193.4, 224.0]}, "geometry": {"type": "Polygon", "coordinates": [[[173.96634942241624, -35.55388086109616], [173.90995136770795, -35.47555997157562], [173.7971552582913, -35.47555997157562], [173.740757203583, -35.55388086109616], [173.7971552582913, -35.6322017506167], [173.90995136770795, -35.6322017506167], [173.96634942241624, -35.55388086109616]]]}}, {"type": "Feature", "properties": {"name": "hex_008_023", "depth_2023": 169.1, "normal_2023": 10.7, "anomaly_2023": 158.5, "tier_2023": 0, "triggered_2023": false, "thresholds_2023": [162.0, 194.5, 225.7]}, "geometry": {"type": "Polygon", "coordinates": [[[173.96634942241624, -35.39723908205508], [173.90995136770795, -35.31891819253454], [173.7971552582913, -35.31891819253454], [173.740757203583, -35.39723908205508], [173.7971552582913, -35.47555997157562], [173.90995136770795, -35.47555997157562], [173.96634942241624, -35.39723908205508]]]}}, {"type": "Feature", "properties": {"name": "hex_008_024", "depth_2023": 160.6, "normal_2023": 10.9, "anomaly_2023": 149.7, "tier_2023": 0, "triggered_2023": false, "thresholds_2023": [154.3, 181.7, 208.0]}, "geometry": {"type": "Polygon", "coordinates": [[[173.96634942241624, -35.240597303014], [173.90995136770795, -35.16227641349346], [173.7971552582913, -35.16227641349346], [173.740757203583, -35.240597303014], [173.7971552582913, -35.31891819253454], [173.90995136770795, -35.31891819253454], [173.96634942241624, -35.240597303014]]]}}, {"type": "Feature", "properties": {"name": "hex_008_025", "depth_2023": 141.3, "normal_2023": 11.0, "anomaly_2023": 130.3, "tier_2023": 0, "triggered_2023": false, "thresholds_2023": [149.4, 174.3, 198.1]}, "geometry": {"type": "Polygon", "coordinates": [[[173.96634942241624, -35.08395552397291], [173.90995136770795, -35.00563463445237], [173.7971552582913, -35.00563463445237], [173.740757203583, -35.08395552397291], [173.7971552582913, -35.16227641349345], [173.90995136770795, -35.16227641349345], [173.96634942241624, -35.08395552397291]]]}}, {"type": "Feature", "properties": {"name": "hex_009_017", "depth_2023": 165.1, "normal_2023": 9.6, "anomaly_2023": 155.5, "tier_2023": 3, "triggered_2023": true, "thresholds_2023": [120.4, 137.3, 153.6]}, "geometry": {"type": "Polygon", "coordinates": [[[174.1355435865412, -36.25876886678104], [174.0791455318329, -36.1804479772605], [173.96634942241624, -36.1804479772605], [173.90995136770795, -36.25876886678104], [173.96634942241624, -36.33708975630158], [174.0791455318329, -36.33708975630158], [174.1355435865412, -36.25876886678104]]]}}, {"type": "Feature", "properties": {"name": "hex_009_018", "depth_2023": 179.4, "normal_2023": 9.9, "anomaly_2023": 169.5, "tier_2023": 3, "triggered_2023": true, "thresholds_2023": [126.9, 145.3, 163.0]}, "geometry": {"type": "Polygon", "coordinates": [[[174.1355435865412, -36.10212708773996], [174.0791455318329, -36.02380619821942], [173.96634942241624, -36.02380619821942], [173.90995136770795, -36.10212708773996], [173.96634942241624, -36.1804479772605], [174.0791455318329, -36.1804479772605], [174.1355435865412, -36.10212708773996]]]}}, {"type": "Feature", "properties": {"name": "hex_009_019", "depth_2023": 185.5, "normal_2023": 10.3, "anomaly_2023": 175.3, "tier_2023": 2, "triggered_2023": true, "thresholds_2023": [145.3, 170.4, 194.5]}, "geometry": {"type": "Polygon", "coordinates": [[[174.1355435865412, -35.94548530869887], [174.0791455318329, -35.86716441917833], [173.96634942241624, -35.86716441917833], [173.90995136770795, -35.94548530869887], [173.96634942241624, -36.02380619821941], [174.0791455318329, -36.02380619821941], [174.1355435865412, -35.94548530869887]]]}}, {"type": "Feature", "properties": {"name": "hex_009_020", "depth_2023": 187.9, "normal_2023": 10.3, "anomaly_2023": 177.6, "tier_2023": 1, "triggered_2023": true, "thresholds_2023": [153.8, 182.7, 210.4]}, "geometry": {"type": "Polygon", "coordinates": [[[174.1355435865412, -35.78884352965779], [174.0791455318329, -35.71052264013725], [173.96634942241624, -35.71052264013725], [173.90995136770795, -35.78884352965779], [173.96634942241624, -35.86716441917833], [174.0791455318329, -35.86716441917833], [174.1355435865412, -35.78884352965779]]]}}, {"type": "Feature", "properties": {"name": "hex_009_021", "depth_2023": 162.3, "normal_2023": 10.8, "anomaly_2023": 151.5, "tier_2023": 0, "triggered_2023": false, "thresholds_2023": [160.2, 192.5, 223.5]}, "geometry": {"type": "Polygon", "coordinates": [[[174.1355435865412, -35.63220175061671], [174.0791455318329, -35.55388086109617], [173.96634942241624, -35.55388086109617], [173.90995136770795, -35.63220175061671], [173.96634942241624, -35.71052264013725], [174.0791455318329, -35.71052264013725], [174.1355435865412, -35.63220175061671]]]}}, {"type": "Feature", "properties": {"name": "hex_009_022", "depth_2023": 151.3, "normal_2023": 11.2, "anomaly_2023": 140.2, "tier_2023": 0, "triggered_2023": false, "thresholds_2023": [162.0, 195.5, 227.6]}, "geometry": {"type": "Polygon", "coordinates": [[[174.1355435865412, -35.47555997157562], [174.0791455318329, -35.39723908205508], [173.96634942241624, -35.39723908205508], [173.90995136770795, -35.47555997157562], [173.96634942241624, -35.55388086109616], [174.0791455318329, -35.55388086109616], [174.1355435865412, -35.47555997157562]]]}}, {"type": "Feature", "properties": {"name": "hex_009_023", "depth_2023": 150.4, "normal_2023": 11.0, "anomaly_2023": 139.3, "tier_2023": 0, "triggered_2023": false, "thresholds_2023": [155.8, 184.7, 212.3]}, "geometry": {"type": "Polygon", "coordinates": [[[174.1355435865412, -35.31891819253454], [174.0791455318329, -35.240597303014], [173.96634942241624, -35.240597303014], [173.90995136770795, -35.31891819253454], [173.96634942241624, -35.39723908205508], [174.0791455318329, -35.39723908205508], [174.1355435865412, -35.31891819253454]]]}}, {"type": "Feature", "properties": {"name": "hex_010_000", "depth_2023": 56.3, "normal_2023": 9.9, "anomaly_2023": 46.3, "tier_2023": 0, "triggered_2023": false, "thresholds_2023": [148.5, 168.5, 187.7]}, "geometry": {"type": "Polygon", "coordinates": [[[174.30473775066613, -39.0], [174.24833969595784, -38.92167911047946], [174.1355435865412, -38.92167911047946], [174.0791455318329, -39.0], [174.1355435865412, -39.07832088952054], [174.24833969595784, -39.07832088952054], [174.30473775066613, -39.0]]]}}, {"type": "Feature", "properties": {"name": "hex_010_016", "depth_2023": 136.3, "normal_2023": 9.8, "anomaly_2023": 126.5, "tier_2023": 1, "triggered_2023": true, "thresholds_2023": [118.7, 136.0, 152.6]}, "geometry": {"type": "Polygon", "coordinates": [[[174.30473775066613, -36.49373153534266], [174.24833969595784, -36.41541064582212], [174.1355435865412, -36.41541064582212], [174.0791455318329, -36.49373153534266], [174.1355435865412, -36.5720524248632], [174.24833969595784, -36.5720524248632], [174.30473775066613, -36.49373153534266]]]}}, {"type": "Feature", "properties": {"name": "hex_010_018", "depth_2023": 169.0, "normal_2023": 9.7, "anomaly_2023": 159.3, "tier_2023": 2, "triggered_2023": true, "thresholds_2023": [125.0, 142.6, 159.4]}, "geometry": {"type": "Polygon", "coordinates": [[[174.30473775066613, -36.1804479772605], [174.24833969595784, -36.10212708773996], [174.1355435865412, -36.10212708773996], [174.0791455318329, -36.1804479772605], [174.1355435865412, -36.25876886678104], [174.24833969595784, -36.25876886678104], [174.30473775066613, -36.1804479772605]]]}}, {"type": "Feature", "properties": {"name": "hex_010_019", "depth_2023": 181.6, "normal_2023": 9.7, "anomaly_2023": 171.9, "tier_2023": 2, "triggered_2023": true, "thresholds_2023": [137.1, 160.0, 181.9]}, "geometry": {"type": "Polygon", "coordinates": [[[174.30473775066613, -36.02380619821941], [174.24833969595784, -35.94548530869887], [174.1355435865412, -35.94548530869887], [174.0791455318329, -36.02380619821941], [174.1355435865412, -36.10212708773995], [174.24833969595784, -36.10212708773995], [174.30473775066613, -36.02380619821941]]]}}, {"type": "Feature", "properties": {"name": "hex_010_020", "depth_2023": 194.0, "normal_2023": 10.1, "anomaly_2023": 183.9, "tier_2023": 2, "triggered_2023": true, "thresholds_2023": [148.3, 175.2, 201.0]}, "geometry": {"type": "Polygon", "coordinates": [[[174.30473775066613, -35.86716441917833], [174.24833969595784, -35.78884352965779], [174.1355435865412, -35.78884352965779], [174.0791455318329, -35.86716441917833], [174.1355435865412, -35.94548530869887], [174.24833969595784, -35.94548530869887], [174.30473775066613, -35.86716441917833]]]}}, {"type": "Feature", "properties": {"name": "hex_010_021", "depth_2023": 186.6, "normal_2023": 10.6, "anomaly_2023": 176.0, "tier_2023": 1, "triggered_2023": true, "thresholds_2023": [155.4, 184.8, 213.1]}, "geometry": {"type": "Polygon", "coordinates": [[[174.30473775066613, -35.71052264013725], [174.24833969595784, -35.63220175061671], [174.1355435865412, -35.63220175061671], [174.0791455318329, -35.71052264013725], [174.1355435865412, -35.78884352965779], [174.24833969595784, -35.78884352965779], [174.30473775066613, -35.71052264013725]]]}}, {"type": "Feature", "properties": {"name": "hex_010_022", "depth_2023": 186.0, "normal_2023": 11.0, "anomaly_2023": 175.1, "tier_2023": 1, "triggered_2023": true, "thresholds_2023": [159.0, 190.5, 220.7]}, "geometry": {"type": "Polygon", "coordinates": [[[174.30473775066613, -35.55388086109616], [174.24833969595784, -35.47555997157562], [174.1355435865412, -35.47555997157562], [174.0791455318329, -35.55388086109616], [174.1355435865412, -35.6322017506167], [174.24833969595784, -35.6322017506167], [174.30473775066613, -35.55388086109616]]]}}, {"type": "Feature", "properties": {"name": "hex_010_023", "depth_2023": 165.2, "normal_2023": 11.9, "anomaly_2023": 153.4, "tier_2023": 0, "triggered_2023": false, "thresholds_2023": [159.0, 189.9, 219.5]}, "geometry": {"type": "Polygon", "coordinates": [[[174.30473775066613, -35.39723908205508], [174.24833969595784, -35.31891819253454], [174.1355435865412, -35.31891819253454], [174.0791455318329, -35.39723908205508], [174.1355435865412, -35.47555997157562], [174.24833969595784, -35.47555997157562], [174.30473775066613, -35.39723908205508]]]}}, {"type": "Feature", "properties": {"name": "hex_011_014", "depth_2023": 188.1, "normal_2023": 8.8, "anomaly_2023": 179.3, "tier_2023": 3, "triggered_2023": true, "thresholds_2023": [127.8, 149.4, 170.0]}, "geometry": {"type": "Polygon", "coordinates": [[[174.4739319147911, -36.72869420390429], [174.4175338600828, -36.65037331438375], [174.30473775066616, -36.65037331438375], [174.24833969595787, -36.72869420390429], [174.30473775066616, -36.80701509342483], [174.4175338600828, -36.80701509342483], [174.4739319147911, -36.72869420390429]]]}}, {"type": "Feature", "properties": {"name": "hex_011_015", "depth_2023": 192.2, "normal_2023": 9.4, "anomaly_2023": 182.8, "tier_2023": 3, "triggered_2023": true, "thresholds_2023": [125.8, 146.2, 165.7]}, "geometry": {"type": "Polygon", "coordinates": [[[174.4739319147911, -36.57205242486321], [174.4175338600828, -36.49373153534267], [174.30473775066616, -36.49373153534267], [174.24833969595787, -36.57205242486321], [174.30473775066616, -36.65037331438375], [174.4175338600828, -36.65037331438375], [174.4739319147911, -36.57205242486321]]]}}, {"type": "Feature", "properties": {"name": "hex_011_017", "depth_2023": 173.3, "normal_2023": 9.4, "anomaly_2023": 163.9, "tier_2023": 3, "triggered_2023": true, "thresholds_2023": [127.0, 144.9, 162.1]}, "geometry": {"type": "Polygon", "coordinates": [[[174.4739319147911, -36.25876886678104], [174.4175338600828, -36.1804479772605], [174.30473775066616, -36.1804479772605], [174.24833969595787, -36.25876886678104], [174.30473775066616, -36.33708975630158], [174.4175338600828, -36.33708975630158], [174.4739319147911, -36.25876886678104]]]}}, {"type": "Feature", "properties": {"name": "hex_011_018", "depth_2023": 180.0, "normal_2023": 9.5, "anomaly_2023": 170.5, "tier_2023": 2, "triggered_2023": true, "thresholds_2023": [133.4, 154.7, 175.1]}, "geometry": {"type": "Polygon", "coordinates": [[[174.4739319147911, -36.10212708773996], [174.4175338600828, -36.02380619821942], [174.30473775066616, -36.02380619821942], [174.24833969595787, -36.10212708773996], [174.30473775066616, -36.1804479772605], [174.4175338600828, -36.1804479772605], [174.4739319147911, -36.10212708773996]]]}}, {"type": "Feature", "properties": {"name": "hex_011_019", "depth_2023": 205.3, "normal_2023": 10.0, "anomaly_2023": 195.3, "tier_2023": 3, "triggered_2023": true, "thresholds_2023": [142.4, 168.6, 193.6]}, "geometry": {"type": "Polygon", "coordinates": [[[174.4739319147911, -35.94548530869887], [174.4175338600828, -35.86716441917833], [174.30473775066616, -35.86716441917833], [174.24833969595787, -35.94548530869887], [174.30473775066616, -36.02380619821941], [174.4175338600828, -36.02380619821941], [174.4739319147911, -35.94548530869887]]]}}, {"type": "Feature", "properties": {"name": "hex_011_021", "depth_2023": 203.6, "normal_2023": 11.0, "anomaly_2023": 192.6, "tier_2023": 2, "triggered_2023": true, "thresholds_2023": [159.1, 190.9, 221.3]}, "geometry": {"type": "Polygon", "coordinates": [[[174.4739319147911, -35.63220175061671], [174.4175338600828, -35.55388086109617], [174.30473775066616, -35.55388086109617], [174.24833969595787, -35.63220175061671], [174.30473775066616, -35.71052264013725], [174.4175338600828, -35.71052264013725], [174.4739319147911, -35.63220175061671]]]}}, {"type": "Feature", "properties": {"name": "hex_011_022", "depth_2023": 222.9, "normal_2023": 11.7, "anomaly_2023": 211.1, "tier_2023": 2, "triggered_2023": true, "thresholds_2023": [160.0, 191.3, 221.5]}, "geometry": {"type": "Polygon", "coordinates": [[[174.4739319147911, -35.47555997157562], [174.4175338600828, -35.39723908205508], [174.30473775066616, -35.39723908205508], [174.24833969595787, -35.47555997157562], [174.30473775066616, -35.55388086109616], [174.4175338600828, -35.55388086109616], [174.4739319147911, -35.47555997157562]]]}}, {"type": "Feature", "properties": {"name": "hex_012_000", "depth_2023": 69.8, "normal_2023": 9.3, "anomaly_2023": 60.5, "tier_2023": 0, "triggered_2023": false, "thresholds_2023": [146.9, 167.5, 187.2]}, "geometry": {"type": "Polygon", "coordinates": [[[174.64312607891605, -39.0], [174.58672802420776, -38.92167911047946], [174.4739319147911, -38.92167911047946], [174.4175338600828, -39.0], [174.4739319147911, -39.07832088952054], [174.58672802420776, -39.07832088952054], [174.64312607891605, -39.0]]]}}, {"type": "Feature", "properties": {"name": "hex_012_013", "depth_2023": 194.0, "normal_2023": 9.7, "anomaly_2023": 184.3, "tier_2023": 2, "triggered_2023": true, "thresholds_2023": [140.1, 166.6, 192.1]}, "geometry": {"type": "Polygon", "coordinates": [[[174.64312607891605, -36.96365687246591], [174.58672802420776, -36.88533598294537], [174.4739319147911, -36.88533598294537], [174.4175338600828, -36.96365687246591], [174.4739319147911, -37.04197776198645], [174.58672802420776, -37.04197776198645], [174.64312607891605, -36.96365687246591]]]}}, {"type": "Feature", "properties": {"name": "hex_012_014", "depth_2023": 190.2, "normal_2023": 9.3, "anomaly_2023": 180.8, "tier_2023": 2, "triggered_2023": true, "thresholds_2023": [139.0, 166.4, 192.7]}, "geometry": {"type": "Polygon", "coordinates": [[[174.64312607891605, -36.80701509342483], [174.58672802420776, -36.72869420390429], [174.4739319147911, -36.72869420390429], [174.4175338600828, -36.80701509342483], [174.4739319147911, -36.88533598294537], [174.58672802420776, -36.88533598294537], [174.64312607891605, -36.80701509342483]]]}}, {"type": "Feature", "properties": {"name": "hex_012_015", "depth_2023": 192.2, "normal_2023": 9.0, "anomaly_2023": 183.2, "tier_2023": 3, "triggered_2023": true, "thresholds_2023": [134.2, 158.4, 181.5]}, "geometry": {"type": "Polygon", "coordinates": [[[174.64312607891605, -36.65037331438375], [174.58672802420776, -36.57205242486321], [174.4739319147911, -36.57205242486321], [174.4175338600828, -36.65037331438375], [174.4739319147911, -36.72869420390429], [174.58672802420776, -36.72869420390429], [174.64312607891605, -36.65037331438375]]]}}, {"type": "Feature", "properties": {"name": "hex_012_016", "depth_2023": 182.9, "normal_2023": 9.3, "anomaly_2023": 173.6, "tier_2023": 3, "triggered_2023": true, "thresholds_2023": [122.7, 140.8, 158.2]}, "geometry": {"type": "Polygon", "coordinates": [[[174.64312607891605, -36.49373153534266], [174.58672802420776, -36.41541064582212], [174.4739319147911, -36.41541064582212], [174.4175338600828, -36.49373153534266], [174.4739319147911, -36.5720524248632], [174.58672802420776, -36.5720524248632], [174.64312607891605, -36.49373153534266]]]}}, {"type": "Feature", "properties": {"name": "hex_012_017", "depth_2023": 185.3, "normal_2023": 9.3, "anomaly_2023": 176.0, "tier_2023": 3, "triggered_2023": true, "thresholds_2023": [125.3, 142.6, 159.3]}, "geometry": {"type": "Polygon", "coordinates": [[[174.64312607891605, -36.33708975630158], [174.58672802420776, -36.25876886678104], [174.4739319147911, -36.25876886678104], [174.4175338600828, -36.33708975630158], [174.4739319147911, -36.41541064582212], [174.58672802420776, -36.41541064582212], [174.64312607891605, -36.33708975630158]]]}}, {"type": "Feature", "properties": {"name": "hex_012_018", "depth_2023": 186.3, "normal_2023": 9.5, "anomaly_2023": 176.9, "tier_2023": 3, "triggered_2023": true, "thresholds_2023": [131.3, 150.9, 169.7]}, "geometry": {"type": "Polygon", "coordinates": [[[174.64312607891605, -36.1804479772605], [174.58672802420776, -36.10212708773996], [174.4739319147911, -36.10212708773996], [174.4175338600828, -36.1804479772605], [174.4739319147911, -36.25876886678104], [174.58672802420776, -36.25876886678104], [174.64312607891605, -36.1804479772605]]]}}, {"type": "Feature", "properties": {"name": "hex_013_000", "depth_2023": 86.3, "normal_2023": 9.5, "anomaly_2023": 76.8, "tier_2023": 0, "triggered_2023": false, "thresholds_2023": [140.3, 160.3, 179.5]}, "geometry": {"type": "Polygon", "coordinates": [[[174.812320243041, -38.92167911047946], [174.7559221883327, -38.84335822095892], [174.64312607891605, -38.84335822095892], [174.58672802420776, -38.92167911047946], [174.64312607891605, -39.0], [174.7559221883327, -39.0], [174.812320243041, -38.92167911047946]]]}}, {"type": "Feature", "properties": {"name": "hex_013_001", "depth_2023": 86.4, "normal_2023": 9.7, "anomaly_2023": 76.7, "tier_2023": 0, "triggered_2023": false, "thresholds_2023": [139.5, 159.7, 179.0]}, "geometry": {"type": "Polygon", "coordinates": [[[174.812320243041, -38.76503733143838], [174.7559221883327, -38.68671644191784], [174.64312607891605, -38.68671644191784], [174.58672802420776, -38.76503733143838], [174.64312607891605, -38.84335822095892], [174.7559221883327, -38.84335822095892], [174.812320243041, -38.76503733143838]]]}}, {"type": "Feature", "properties": {"name": "hex_013_002", "depth_2023": 84.6, "normal_2023": 10.4, "anomaly_2023": 74.1, "tier_2023": 0, "triggered_2023": false, "thresholds_2023": [139.1, 160.0, 180.1]}, "geometry": {"type": "Polygon", "coordinates": [[[174.812320243041, -38.60839555239729], [174.7559221883327, -38.53007466287675], [174.64312607891605, -38.53007466287675], [174.58672802420776, -38.60839555239729], [174.64312607891605, -38.68671644191783], [174.7559221883327, -38.68671644191783], [174.812320243041, -38.60839555239729]]]}}, {"type": "Feature", "properties": {"name": "hex_013_003", "depth_2023": 90.1, "normal_2023": 10.7, "anomaly_2023": 79.5, "tier_2023": 0, "triggered_2023": false, "thresholds_2023": [139.6, 161.1, 181.8]}, "geometry": {"type": "Polygon", "coordinates": [[[174.812320243041, -38.45175377335621], [174.7559221883327, -38.37343288383567], [174.64312607891605, -38.37343288383567], [174.58672802420776, -38.45175377335621], [174.64312607891605, -38.53007466287675], [174.7559221883327, -38.53007466287675], [174.812320243041, -38.45175377335621]]]}}, {"type": "Feature", "properties": {"name": "hex_013_005", "depth_2023": 120.9, "normal_2023": 9.4, "anomaly_2023": 111.4, "tier_2023": 0, "triggered_2023": false, "thresholds_2023": [135.4, 159.2, 182.1]}, "geometry": {"type": "Polygon", "coordinates": [[[174.812320243041, -38.13847021527404], [174.7559221883327, -38.0601493257535], [174.64312607891605, -38.0601493257535], [174.58672802420776, -38.13847021527404], [174.64312607891605, -38.21679110479458], [174.7559221883327, -38.21679110479458], [174.812320243041, -38.13847021527404]]]}}, {"type": "Feature", "properties": {"name": "hex_013_010", "depth_2023": 183.2, "normal_2023": 8.8, "anomaly_2023": 174.4, "tier_2023": 3, "triggered_2023": true, "thresholds_2023": [127.3, 148.9, 169.5]}, "geometry": {"type": "Polygon", "coordinates": [[[174.812320243041, -37.35526132006862], [174.7559221883327, -37.27694043054808], [174.64312607891605, -37.27694043054808], [174.58672802420776, -37.35526132006862], [174.64312607891605, -37.43358220958916], [174.7559221883327, -37.43358220958916], [174.812320243041, -37.35526132006862]]]}}, {"type": "Feature", "properties": {"name": "hex_013_011", "depth_2023": 193.6, "normal_2023": 9.6, "anomaly_2023": 184.0, "tier_2023": 3, "triggered_2023": true, "thresholds_2023": [134.7, 158.5, 181.2]}, "geometry": {"type": "Polygon", "coordinates": [[[174.812320243041, -37.19861954102754], [174.7559221883327, -37.120298651507], [174.64312607891605, -37.120298651507], [174.58672802420776, -37.19861954102754], [174.64312607891605, -37.27694043054808], [174.7559221883327, -37.27694043054808], [174.812320243041, -37.19861954102754]]]}}, {"type": "Feature", "properties": {"name": "hex_013_013", "depth_2023": 199.0, "normal_2023": 9.6, "anomaly_2023": 189.4, "tier_2023": 3, "triggered_2023": true, "thresholds_2023": [138.2, 163.6, 188.1]}, "geometry": {"type": "Polygon", "coordinates": [[[174.812320243041, -36.88533598294537], [174.7559221883327, -36.80701509342483], [174.64312607891605, -36.80701509342483], [174.58672802420776, -36.88533598294537], [174.64312607891605, -36.96365687246591], [174.7559221883327, -36.96365687246591], [174.812320243041, -36.88533598294537]]]}}, {"type": "Feature", "properties": {"name": "hex_013_014", "depth_2023": 189.3, "normal_2023": 9.1, "anomaly_2023": 180.3, "tier_2023": 2, "triggered_2023": true, "thresholds_2023": [140.4, 166.0, 190.7]}, "geometry": {"type": "Polygon", "coordinates": [[[174.812320243041, -36.72869420390429], [174.7559221883327, -36.65037331438375], [174.64312607891605, -36.65037331438375], [174.58672802420776, -36.72869420390429], [174.64312607891605, -36.80701509342483], [174.7559221883327, -36.80701509342483], [174.812320243041, -36.72869420390429]]]}}, {"type": "Feature", "properties": {"name": "hex_013_016", "depth_2023": 185.3, "normal_2023": 9.0, "anomaly_2023": 176.2, "tier_2023": 3, "triggered_2023": true, "thresholds_2023": [133.5, 154.2, 174.0]}, "geometry": {"type": "Polygon", "coordinates": [[[174.812320243041, -36.41541064582212], [174.7559221883327, -36.33708975630158], [174.64312607891605, -36.33708975630158], [174.58672802420776, -36.41541064582212], [174.64312607891605, -36.49373153534266], [174.7559221883327, -36.49373153534266], [174.812320243041, -36.41541064582212]]]}}, {"type": "Feature", "properties": {"name": "hex_013_017", "depth_2023": 185.3, "normal_2023": 9.3, "anomaly_2023": 175.9, "tier_2023": 3, "triggered_2023": true, "thresholds_2023": [133.4, 153.2, 172.2]}, "geometry": {"type": "Polygon", "coordinates": [[[174.812320243041, -36.25876886678104], [174.7559221883327, -36.1804479772605], [174.64312607891605, -36.1804479772605], [174.58672802420776, -36.25876886678104], [174.64312607891605, -36.33708975630158], [174.7559221883327, -36.33708975630158], [174.812320243041, -36.25876886678104]]]}}, {"type": "Feature", "properties": {"name": "hex_014_000", "depth_2023": 99.5, "normal_2023": 8.9, "anomaly_2023": 90.5, "tier_2023": 0, "triggered_2023": false, "thresholds_2023": [133.1, 151.7, 169.6]}, "geometry": {"type": "Polygon", "coordinates": [[[174.98151440716595, -39.0], [174.92511635245765, -38.92167911047946], [174.812320243041, -38.92167911047946], [174.7559221883327, -39.0], [174.812320243041, -39.07832088952054], [174.92511635245765, -39.07832088952054], [174.98151440716595, -39.0]]]}}, {"type": "Feature", "properties": {"name": "hex_014_001", "depth_2023": 107.5, "normal_2023": 9.5, "anomaly_2023": 98.0, "tier_2023": 0, "triggered_2023": false, "thresholds_2023": [134.0, 153.4, 172.0]}, "geometry": {"type": "Polygon", "coordinates": [[[174.98151440716595, -38.84335822095892], [174.92511635245765, -38.76503733143838], [174.812320243041, -38.76503733143838], [174.7559221883327, -38.84335822095892], [174.812320243041, -38.92167911047946], [174.92511635245765, -38.92167911047946], [174.98151440716595, -38.84335822095892]]]}}, {"type": "Feature", "properties": {"name": "hex_014_002", "depth_2023": 118.1, "normal_2023": 10.2, "anomaly_2023": 107.9, "tier_2023": 0, "triggered_2023": false, "thresholds_2023": [133.8, 154.2, 173.8]}, "geometry": {"type": "Polygon", "coordinates": [[[174.98151440716595, -38.68671644191783], [174.92511635245765, -38.60839555239729], [174.812320243041, -38.60839555239729], [174.7559221883327, -38.68671644191783], [174.812320243041, -38.76503733143837], [174.92511635245765, -38.76503733143837], [174.98151440716595, -38.68671644191783]]]}}, {"type": "Feature", "properties": {"name": "hex_014_003", "depth_2023": 104.2, "normal_2023": 10.6, "anomaly_2023": 93.6, "tier_2023": 0, "triggered_2023": false, "thresholds_2023": [138.1, 159.3, 179.5]}, "geometry": {"type": "Polygon", "coordinates": [[[174.98151440716595, -38.53007466287675], [174.92511635245765, -38.45175377335621], [174.812320243041, -38.45175377335621], [174.7559221883327, -38.53007466287675], [174.812320243041, -38.60839555239729], [174.92511635245765, -38.60839555239729], [174.98151440716595, -38.53007466287675]]]}}, {"type": "Feature", "properties": {"name": "hex_014_004", "depth_2023": 111.9, "normal_2023": 10.8, "anomaly_2023": 101.1, "tier_2023": 0, "triggered_2023": false, "thresholds_2023": [136.1, 157.1, 177.2]}, "geometry": {"type": "Polygon", "coordinates": [[[174.98151440716595, -38.37343288383567], [174.92511635245765, -38.29511199431513], [174.812320243041, -38.29511199431513], [174.7559221883327, -38.37343288383567], [174.812320243041, -38.45175377335621], [174.92511635245765, -38.45175377335621], [174.98151440716595, -38.37343288383567]]]}}, {"type": "Feature", "properties": {"name": "hex_014_005", "depth_2023": 128.9, "normal_2023": 10.3, "anomaly_2023": 118.6, "tier_2023": 0, "triggered_2023": false, "thresholds_2023": [134.2, 155.3, 175.6]}, "geometry": {"type": "Polygon", "coordinates": [[[174.98151440716595, -38.21679110479458], [174.92511635245765, -38.13847021527404], [174.812320243041, -38.13847021527404], [174.7559221883327, -38.21679110479458], [174.812320243041, -38.29511199431512], [174.92511635245765, -38.29511199431512], [174.98151440716595, -38.21679110479458]]]}}, {"type": "Feature", "properties": {"name": "hex_014_007", "depth_2023": 164.8, "normal_2023": 10.1, "anomaly_2023": 154.7, "tier_2023": 1, "triggered_2023": true, "thresholds_2023": [141.5, 166.1, 189.6]}, "geometry": {"type": "Polygon", "coordinates": [[[174.98151440716595, -37.90350754671242], [174.92511635245765, -37.82518665719188], [174.812320243041, -37.82518665719188], [174.7559221883327, -37.90350754671242], [174.812320243041, -37.98182843623296], [174.92511635245765, -37.98182843623296], [174.98151440716595, -37.90350754671242]]]}}, {"type": "Feature", "properties": {"name": "hex_014_008", "depth_2023": 182.1, "normal_2023": 9.2, "anomaly_2023": 172.8, "tier_2023": 2, "triggered_2023": true, "thresholds_2023": [144.9, 171.3, 196.7]}, "geometry": {"type": "Polygon", "coordinates": [[[174.98151440716595, -37.74686576767133], [174.92511635245765, -37.66854487815079], [174.812320243041, -37.66854487815079], [174.7559221883327, -37.74686576767133], [174.812320243041, -37.82518665719187], [174.92511635245765, -37.82518665719187], [174.98151440716595, -37.74686576767133]]]}}, {"type": "Feature", "properties": {"name": "hex_014_009", "depth_2023": 188.9, "normal_2023": 8.9, "anomaly_2023": 180.0, "tier_2023": 2, "triggered_2023": true, "thresholds_2023": [136.7, 159.2, 180.8]}, "geometry": {"type": "Polygon", "coordinates": [[[174.98151440716595, -37.59022398863025], [174.92511635245765, -37.51190309910971], [174.812320243041, -37.51190309910971], [174.7559221883327, -37.59022398863025], [174.812320243041, -37.66854487815079], [174.92511635245765, -37.66854487815079], [174.98151440716595, -37.59022398863025]]]}}, {"type": "Feature", "properties": {"name": "hex_014_010", "depth_2023": 191.5, "normal_2023": 8.9, "anomaly_2023": 182.5, "tier_2023": 3, "triggered_2023": true, "thresholds_2023": [125.7, 144.6, 162.6]}, "geometry": {"type": "Polygon", "coordinates": [[[174.98151440716595, -37.43358220958916], [174.92511635245765, -37.35526132006862], [174.812320243041, -37.35526132006862], [174.7559221883327, -37.43358220958916], [174.812320243041, -37.5119030991097], [174.92511635245765, -37.5119030991097], [174.98151440716595, -37.43358220958916]]]}}, {"type": "Feature", "properties": {"name": "hex_014_011", "depth_2023": 182.5, "normal_2023": 9.2, "anomaly_2023": 173.3, "tier_2023": 3, "triggered_2023": true, "thresholds_2023": [124.5, 143.0, 160.7]}, "geometry": {"type": "Polygon", "coordinates": [[[174.98151440716595, -37.27694043054808], [174.92511635245765, -37.19861954102754], [174.812320243041, -37.19861954102754], [174.7559221883327, -37.27694043054808], [174.812320243041, -37.35526132006862], [174.92511635245765, -37.35526132006862], [174.98151440716595, -37.27694043054808]]]}}, {"type": "Feature", "properties": {"name": "hex_014_012", "depth_2023": 189.0, "normal_2023": 9.5, "anomaly_2023": 179.4, "tier_2023": 3, "triggered_2023": true, "thresholds_2023": [133.5, 156.5, 178.5]}, "geometry": {"type": "Polygon", "coordinates": [[[174.98151440716595, -37.120298651507], [174.92511635245765, -37.04197776198646], [174.812320243041, -37.04197776198646], [174.7559221883327, -37.120298651507], [174.812320243041, -37.19861954102754], [174.92511635245765, -37.19861954102754], [174.98151440716595, -37.120298651507]]]}}, {"type": "Feature", "properties": {"name": "hex_014_013", "depth_2023": 183.4, "normal_2023": 9.5, "anomaly_2023": 173.9, "tier_2023": 2, "triggered_2023": true, "thresholds_2023": [134.6, 158.1, 180.6]}, "geometry": {"type": "Polygon", "coordinates": [[[174.98151440716595, -36.96365687246591], [174.92511635245765, -36.88533598294537], [174.812320243041, -36.88533598294537], [174.7559221883327, -36.96365687246591], [174.812320243041, -37.04197776198645], [174.92511635245765, -37.04197776198645], [174.98151440716595, -36.96365687246591]]]}}, {"type": "Feature", "properties": {"name": "hex_015_000", "depth_2023": 111.5, "normal_2023": 8.9, "anomaly_2023": 102.6, "tier_2023": 0, "triggered_2023": false, "thresholds_2023": [128.3, 146.6, 164.2]}, "geometry": {"type": "Polygon", "coordinates": [[[175.15070857129092, -38.92167911047946], [175.09431051658262, -38.84335822095892], [174.98151440716597, -38.84335822095892], [174.92511635245768, -38.92167911047946], [174.98151440716597, -39.0], [175.09431051658262, -39.0], [175.15070857129092, -38.92167911047946]]]}}, {"type": "Feature", "properties": {"name": "hex_015_001", "depth_2023": 130.7, "normal_2023": 9.5, "anomaly_2023": 121.2, "tier_2023": 0, "triggered_2023": false, "thresholds_2023": [127.9, 146.4, 164.1]}, "geometry": {"type": "Polygon", "coordinates": [[[175.15070857129092, -38.76503733143838], [175.09431051658262, -38.68671644191784], [174.98151440716597, -38.68671644191784], [174.92511635245768, -38.76503733143838], [174.98151440716597, -38.84335822095892], [175.09431051658262, -38.84335822095892], [175.15070857129092, -38.76503733143838]]]}}, {"type": "Feature", "properties": {"name": "hex_015_002", "depth_2023": 122.7, "normal_2023": 10.3, "anomaly_2023": 112.4, "tier_2023": 0, "triggered_2023": false, "thresholds_2023": [131.1, 150.2, 168.5]}, "geometry": {"type": "Polygon", "coordinates": [[[175.15070857129092, -38.60839555239729], [175.09431051658262, -38.53007466287675], [174.98151440716597, -38.53007466287675], [174.92511635245768, -38.60839555239729], [174.98151440716597, -38.68671644191783], [175.09431051658262, -38.68671644191783], [175.15070857129092, -38.60839555239729]]]}}, {"type": "Feature", "properties": {"name": "hex_015_003", "depth_2023": 119.9, "normal_2023": 10.9, "anomaly_2023": 109.1, "tier_2023": 0, "triggered_2023": false, "thresholds_2023": [129.0, 146.7, 163.7]}, "geometry": {"type": "Polygon", "coordinates": [[[175.15070857129092, -38.45175377335621], [175.09431051658262, -38.37343288383567], [174.98151440716597, -38.37343288383567], [174.92511635245768, -38.45175377335621], [174.98151440716597, -38.53007466287675], [175.09431051658262, -38.53007466287675], [175.15070857129092, -38.45175377335621]]]}}, {"type": "Feature", "properties": {"name": "hex_015_004", "depth_2023": 118.1, "normal_2023": 10.4, "anomaly_2023": 107.7, "tier_2023": 0, "triggered_2023": false, "thresholds_2023": [126.9, 144.4, 161.2]}, "geometry": {"type": "Polygon", "coordinates": [[[175.15070857129092, -38.29511199431513], [175.09431051658262, -38.21679110479459], [174.98151440716597, -38.21679110479459], [174.92511635245768, -38.29511199431513], [174.98151440716597, -38.37343288383567], [175.09431051658262, -38.37343288383567], [175.15070857129092, -38.29511199431513]]]}}, {"type": "Feature", "properties": {"name": "hex_015_005", "depth_2023": 123.3, "normal_2023": 9.9, "anomaly_2023": 113.4, "tier_2023": 0, "triggered_2023": false, "thresholds_2023": [126.5, 144.0, 160.9]}, "geometry": {"type": "Polygon", "coordinates": [[[175.15070857129092, -38.13847021527404], [175.09431051658262, -38.0601493257535], [174.98151440716597, -38.0601493257535], [174.92511635245768, -38.13847021527404], [174.98151440716597, -38.21679110479458], [175.09431051658262, -38.21679110479458], [175.15070857129092, -38.13847021527404]]]}}, {"type": "Feature", "properties": {"name": "hex_015_006", "depth_2023": 144.1, "normal_2023": 9.7, "anomaly_2023": 134.4, "tier_2023": 1, "triggered_2023": true, "thresholds_2023": [131.8, 152.4, 172.2]}, "geometry": {"type": "Polygon", "coordinates": [[[175.15070857129092, -37.98182843623296], [175.09431051658262, -37.90350754671242], [174.98151440716597, -37.90350754671242], [174.92511635245768, -37.98182843623296], [174.98151440716597, -38.0601493257535], [175.09431051658262, -38.0601493257535], [175.15070857129092, -37.98182843623296]]]}}, {"type": "Feature", "properties": {"name": "hex_015_007", "depth_2023": 176.4, "normal_2023": 9.2, "anomaly_2023": 167.2, "tier_2023": 2, "triggered_2023": true, "thresholds_2023": [132.8, 154.4, 175.1]}, "geometry": {"type": "Polygon", "coordinates": [[[175.15070857129092, -37.82518665719188], [175.09431051658262, -37.74686576767134], [174.98151440716597, -37.74686576767134], [174.92511635245768, -37.82518665719188], [174.98151440716597, -37.90350754671242], [175.09431051658262, -37.90350754671242], [175.15070857129092, -37.82518665719188]]]}}, {"type": "Feature", "properties": {"name": "hex_015_008", "depth_2023": 188.9, "normal_2023": 8.8, "anomaly_2023": 180.1, "tier_2023": 3, "triggered_2023": true, "thresholds_2023": [132.5, 154.0, 174.7]}, "geometry": {"type": "Polygon", "coordinates": [[[175.15070857129092, -37.66854487815079], [175.09431051658262, -37.59022398863025], [174.98151440716597, -37.59022398863025], [174.92511635245768, -37.66854487815079], [174.98151440716597, -37.74686576767133], [175.09431051658262, -37.74686576767133], [175.15070857129092, -37.66854487815079]]]}}, {"type": "Feature", "properties": {"name": "hex_015_009", "depth_2023": 191.5, "normal_2023": 8.5, "anomaly_2023": 183.0, "tier_2023": 3, "triggered_2023": true, "thresholds_2023": [128.0, 147.8, 166.7]}, "geometry": {"type": "Polygon", "coordinates": [[[175.15070857129092, -37.51190309910971], [175.09431051658262, -37.43358220958917], [174.98151440716597, -37.43358220958917], [174.92511635245768, -37.51190309910971], [174.98151440716597, -37.59022398863025], [175.09431051658262, -37.59022398863025], [175.15070857129092, -37.51190309910971]]]}}, {"type": "Feature", "properties": {"name": "hex_015_010", "depth_2023": 190.9, "normal_2023": 8.5, "anomaly_2023": 182.4, "tier_2023": 3, "triggered_2023": true, "thresholds_2023": [121.0, 137.8, 153.9]}, "geometry": {"type": "Polygon", "coordinates": [[[175.15070857129092, -37.35526132006862], [175.09431051658262, -37.27694043054808], [174.98151440716597, -37.27694043054808], [174.92511635245768, -37.35526132006862], [174.98151440716597, -37.43358220958916], [175.09431051658262, -37.43358220958916], [175.15070857129092, -37.35526132006862]]]}}, {"type": "Feature", "properties": {"name": "hex_015_011", "depth_2023": 184.0, "normal_2023": 8.8, "anomaly_2023": 175.2, "tier_2023": 3, "triggered_2023": true, "thresholds_2023": [122.2, 138.9, 155.0]}, "geometry": {"type": "Polygon", "coordinates": [[[175.15070857129092, -37.19861954102754], [175.09431051658262, -37.120298651507], [174.98151440716597, -37.120298651507], [174.92511635245768, -37.19861954102754], [174.98151440716597, -37.27694043054808], [175.09431051658262, -37.27694043054808], [175.15070857129092, -37.19861954102754]]]}}, {"type": "Feature", "properties": {"name": "hex_015_012", "depth_2023": 184.5, "normal_2023": 9.1, "anomaly_2023": 175.4, "tier_2023": 3, "triggered_2023": true, "thresholds_2023": [125.2, 143.8, 161.6]}, "geometry": {"type": "Polygon", "coordinates": [[[175.15070857129092, -37.04197776198646], [175.09431051658262, -36.96365687246592], [174.98151440716597, -36.96365687246592], [174.92511635245768, -37.04197776198646], [174.98151440716597, -37.120298651507], [175.09431051658262, -37.120298651507], [175.15070857129092, -37.04197776198646]]]}}, {"type": "Feature", "properties": {"name": "hex_015_013", "depth_2023": 199.2, "normal_2023": 8.9, "anomaly_2023": 190.3, "tier_2023": 3, "triggered_2023": true, "thresholds_2023": [132.4, 154.0, 174.8]}, "geometry": {"type": "Polygon", "coordinates": [[[175.15070857129092, -36.88533598294537], [175.09431051658262, -36.80701509342483], [174.98151440716597, -36.80701509342483], [174.92511635245768, -36.88533598294537], [174.98151440716597, -36.96365687246591], [175.09431051658262, -36.96365687246591], [175.15070857129092, -36.88533598294537]]]}}, {"type": "Feature", "properties": {"name": "hex_016_000", "depth_2023": 110.9, "normal_2023": 9.1, "anomaly_2023": 101.8, "tier_2023": 0, "triggered_2023": false, "thresholds_2023": [125.1, 143.0, 160.2]}, "geometry": {"type": "Polygon", "coordinates": [[[175.31990273541587, -39.0], [175.26350468070757, -38.92167911047946], [175.15070857129092, -38.92167911047946], [175.09431051658262, -39.0], [175.15070857129092, -39.07832088952054], [175.26350468070757, -39.07832088952054], [175.31990273541587, -39.0]]]}}, {"type": "Feature", "properties": {"name": "hex_016_001", "depth_2023": 118.2, "normal_2023": 9.2, "anomaly_2023": 109.0, "tier_2023": 0, "triggered_2023": false, "thresholds_2023": [125.2, 143.6, 161.2]}, "geometry": {"type": "Polygon", "coordinates": [[[175.31990273541587, -38.84335822095892], [175.26350468070757, -38.76503733143838], [175.15070857129092, -38.76503733143838], [175.09431051658262, -38.84335822095892], [175.15070857129092, -38.92167911047946], [175.26350468070757, -38.92167911047946], [175.31990273541587, -38.84335822095892]]]}}, {"type": "Feature", "properties": {"name": "hex_016_002", "depth_2023": 126.1, "normal_2023": 9.6, "anomaly_2023": 116.5, "tier_2023": 0, "triggered_2023": false, "thresholds_2023": [125.6, 143.5, 160.6]}, "geometry": {"type": "Polygon", "coordinates": [[[175.31990273541587, -38.68671644191783], [175.26350468070757, -38.60839555239729], [175.15070857129092, -38.60839555239729], [175.09431051658262, -38.68671644191783], [175.15070857129092, -38.76503733143837], [175.26350468070757, -38.76503733143837], [175.31990273541587, -38.68671644191783]]]}}, {"type": "Feature", "properties": {"name": "hex_016_003", "depth_2023": 120.3, "normal_2023": 10.6, "anomaly_2023": 109.7, "tier_2023": 0, "triggered_2023": false, "thresholds_2023": [129.0, 146.9, 164.0]}, "geometry": {"type": "Polygon", "coordinates": [[[175.31990273541587, -38.53007466287675], [175.26350468070757, -38.45175377335621], [175.15070857129092, -38.45175377335621], [175.09431051658262, -38.53007466287675], [175.15070857129092, -38.60839555239729], [175.26350468070757, -38.60839555239729], [175.31990273541587, -38.53007466287675]]]}}, {"type": "Feature", "properties": {"name": "hex_016_004", "depth_2023": 122.5, "normal_2023": 10.7, "anomaly_2023": 111.8, "tier_2023": 0, "triggered_2023": false, "thresholds_2023": [126.4, 143.4, 159.7]}, "geometry": {"type": "Polygon", "coordinates": [[[175.31990273541587, -38.37343288383567], [175.26350468070757, -38.29511199431513], [175.15070857129092, -38.29511199431513], [175.09431051658262, -38.37343288383567], [175.15070857129092, -38.45175377335621], [175.26350468070757, -38.45175377335621], [175.31990273541587, -38.37343288383567]]]}}, {"type": "Feature", "properties": {"name": "hex_016_005", "depth_2023": 116.8, "normal_2023": 9.8, "anomaly_2023": 106.9, "tier_2023": 0, "triggered_2023": false, "thresholds_2023": [121.5, 137.3, 152.4]}, "geometry": {"type": "Polygon", "coordinates": [[[175.31990273541587, -38.21679110479458], [175.26350468070757, -38.13847021527404], [175.15070857129092, -38.13847021527404], [175.09431051658262, -38.21679110479458], [175.15070857129092, -38.29511199431512], [175.26350468070757, -38.29511199431512], [175.31990273541587, -38.21679110479458]]]}}, {"type": "Feature", "properties": {"name": "hex_016_006", "depth_2023": 116.8, "normal_2023": 9.5, "anomaly_2023": 107.3, "tier_2023": 0, "triggered_2023": false, "thresholds_2023": [121.4, 138.2, 154.4]}, "geometry": {"type": "Polygon", "coordinates": [[[175.31990273541587, -38.0601493257535], [175.26350468070757, -37.98182843623296], [175.15070857129092, -37.98182843623296], [175.09431051658262, -38.0601493257535], [175.15070857129092, -38.13847021527404], [175.26350468070757, -38.13847021527404], [175.31990273541587, -38.0601493257535]]]}}, {"type": "Feature", "properties": {"name": "hex_016_007", "depth_2023": 135.6, "normal_2023": 9.1, "anomaly_2023": 126.5, "tier_2023": 1, "triggered_2023": true, "thresholds_2023": [124.4, 142.8, 160.4]}, "geometry": {"type": "Polygon", "coordinates": [[[175.31990273541587, -37.90350754671242], [175.26350468070757, -37.82518665719188], [175.15070857129092, -37.82518665719188], [175.09431051658262, -37.90350754671242], [175.15070857129092, -37.98182843623296], [175.26350468070757, -37.98182843623296], [175.31990273541587, -37.90350754671242]]]}}, {"type": "Feature", "properties": {"name": "hex_016_008", "depth_2023": 155.6, "normal_2023": 9.1, "anomaly_2023": 146.5, "tier_2023": 1, "triggered_2023": true, "thresholds_2023": [127.0, 147.6, 167.3]}, "geometry": {"type": "Polygon", "coordinates": [[[175.31990273541587, -37.74686576767133], [175.26350468070757, -37.66854487815079], [175.15070857129092, -37.66854487815079], [175.09431051658262, -37.74686576767133], [175.15070857129092, -37.82518665719187], [175.26350468070757, -37.82518665719187], [175.31990273541587, -37.74686576767133]]]}}, {"type": "Feature", "properties": {"name": "hex_016_009", "depth_2023": 173.6, "normal_2023": 8.7, "anomaly_2023": 164.9, "tier_2023": 2, "triggered_2023": true, "thresholds_2023": [128.6, 149.9, 170.3]}, "geometry": {"type": "Polygon", "coordinates": [[[175.31990273541587, -37.59022398863025], [175.26350468070757, -37.51190309910971], [175.15070857129092, -37.51190309910971], [175.09431051658262, -37.59022398863025], [175.15070857129092, -37.66854487815079], [175.26350468070757, -37.66854487815079], [175.31990273541587, -37.59022398863025]]]}}, {"type": "Feature", "properties": {"name": "hex_016_010", "depth_2023": 217.2, "normal_2023": 8.3, "anomaly_2023": 208.9, "tier_2023": 3, "triggered_2023": true, "thresholds_2023": [121.1, 138.2, 154.7]}, "geometry": {"type": "Polygon", "coordinates": [[[175.31990273541587, -37.43358220958916], [175.26350468070757, -37.35526132006862], [175.15070857129092, -37.35526132006862], [175.09431051658262, -37.43358220958916], [175.15070857129092, -37.5119030991097], [175.26350468070757, -37.5119030991097], [175.31990273541587, -37.43358220958916]]]}}, {"type": "Feature", "properties": {"name": "hex_016_011", "depth_2023": 219.0, "normal_2023": 8.3, "anomaly_2023": 210.7, "tier_2023": 3, "triggered_2023": true, "thresholds_2023": [119.2, 134.8, 149.8]}, "geometry": {"type": "Polygon", "coordinates": [[[175.31990273541587, -37.27694043054808], [175.26350468070757, -37.19861954102754], [175.15070857129092, -37.19861954102754], [175.09431051658262, -37.27694043054808], [175.15070857129092, -37.35526132006862], [175.26350468070757, -37.35526132006862], [175.31990273541587, -37.27694043054808]]]}}, {"type": "Feature", "properties": {"name": "hex_016_012", "depth_2023": 203.8, "normal_2023": 8.8, "anomaly_2023": 195.0, "tier_2023": 3, "triggered_2023": true, "thresholds_2023": [122.0, 138.3, 154.1]}, "geometry": {"type": "Polygon", "coordinates": [[[175.31990273541587, -37.120298651507], [175.26350468070757, -37.04197776198646], [175.15070857129092, -37.04197776198646], [175.09431051658262, -37.120298651507], [175.15070857129092, -37.19861954102754], [175.26350468070757, -37.19861954102754], [175.31990273541587, -37.120298651507]]]}}, {"type": "Feature", "properties": {"name": "hex_016_013", "depth_2023": 203.6, "normal_2023": 8.9, "anomaly_2023": 194.7, "tier_2023": 3, "triggered_2023": true, "thresholds_2023": [126.2, 145.1, 163.2]}, "geometry": {"type": "Polygon", "coordinates": [[[175.31990273541587, -36.96365687246591], [175.26350468070757, -36.88533598294537], [175.15070857129092, -36.88533598294537], [175.09431051658262, -36.96365687246591], [175.15070857129092, -37.04197776198645], [175.26350468070757, -37.04197776198645], [175.31990273541587, -36.96365687246591]]]}}, {"type": "Feature", "properties": {"name": "hex_017_000", "depth_2023": 146.4, "normal_2023": 9.8, "anomaly_2023": 136.7, "tier_2023": 1, "triggered_2023": true, "thresholds_2023": [122.2, 140.3, 157.7]}, "geometry": {"type": "Polygon", "coordinates": [[[175.4890968995408, -38.92167911047946], [175.43269884483252, -38.84335822095892], [175.31990273541587, -38.84335822095892], [175.26350468070757, -38.92167911047946], [175.31990273541587, -39.0], [175.43269884483252, -39.0], [175.4890968995408, -38.92167911047946]]]}}, {"type": "Feature", "properties": {"name": "hex_017_001", "depth_2023": 146.4, "normal_2023": 9.7, "anomaly_2023": 136.8, "tier_2023": 1, "triggered_2023": true, "thresholds_2023": [123.5, 141.9, 159.6]}, "geometry": {"type": "Polygon", "coordinates": [[[175.4890968995408, -38.76503733143838], [175.43269884483252, -38.68671644191784], [175.31990273541587, -38.68671644191784], [175.26350468070757, -38.76503733143838], [175.31990273541587, -38.84335822095892], [175.43269884483252, -38.84335822095892], [175.4890968995408, -38.76503733143838]]]}}, {"type": "Feature", "properties": {"name": "hex_017_002", "depth_2023": 138.3, "normal_2023": 10.1, "anomaly_2023": 128.2, "tier_2023": 1, "triggered_2023": true, "thresholds_2023": [125.9, 143.5, 160.4]}, "geometry": {"type": "Polygon", "coordinates": [[[175.4890968995408, -38.60839555239729], [175.43269884483252, -38.53007466287675], [175.31990273541587, -38.53007466287675], [175.26350468070757, -38.60839555239729], [175.31990273541587, -38.68671644191783], [175.43269884483252, -38.68671644191783], [175.4890968995408, -38.60839555239729]]]}}, {"type": "Feature", "properties": {"name": "hex_017_003", "depth_2023": 107.4, "normal_2023": 10.0, "anomaly_2023": 97.4, "tier_2023": 0, "triggered_2023": false, "thresholds_2023": [127.0, 144.1, 160.6]}, "geometry": {"type": "Polygon", "coordinates": [[[175.4890968995408, -38.45175377335621], [175.43269884483252, -38.37343288383567], [175.31990273541587, -38.37343288383567], [175.26350468070757, -38.45175377335621], [175.31990273541587, -38.53007466287675], [175.43269884483252, -38.53007466287675], [175.4890968995408, -38.45175377335621]]]}}, {"type": "Feature", "properties": {"name": "hex_017_004", "depth_2023": 104.6, "normal_2023": 9.6, "anomaly_2023": 95.0, "tier_2023": 0, "triggered_2023": false, "thresholds_2023": [126.1, 143.8, 160.6]}, "geometry": {"type": "Polygon", "coordinates": [[[175.4890968995408, -38.29511199431513], [175.43269884483252, -38.21679110479459], [175.31990273541587, -38.21679110479459], [175.26350468070757, -38.29511199431513], [175.31990273541587, -38.37343288383567], [175.43269884483252, -38.37343288383567], [175.4890968995408, -38.29511199431513]]]}}, {"type": "Feature", "properties": {"name": "hex_017_005", "depth_2023": 118.5, "normal_2023": 9.6, "anomaly_2023": 109.0, "tier_2023": 0, "triggered_2023": false, "thresholds_2023": [125.2, 143.9, 161.8]}, "geometry": {"type": "Polygon", "coordinates": [[[175.4890968995408, -38.13847021527404], [175.43269884483252, -38.0601493257535], [175.31990273541587, -38.0601493257535], [175.26350468070757, -38.13847021527404], [175.31990273541587, -38.21679110479458], [175.43269884483252, -38.21679110479458], [175.4890968995408, -38.13847021527404]]]}}, {"type": "Feature", "properties": {"name": "hex_017_006", "depth_2023": 123.8, "normal_2023": 9.3, "anomaly_2023": 114.5, "tier_2023": 0, "triggered_2023": false, "thresholds_2023": [127.7, 147.3, 166.1]}, "geometry": {"type": "Polygon", "coordinates": [[[175.4890968995408, -37.98182843623296], [175.43269884483252, -37.90350754671242], [175.31990273541587, -37.90350754671242], [175.26350468070757, -37.98182843623296], [175.31990273541587, -38.0601493257535], [175.43269884483252, -38.0601493257535], [175.4890968995408, -37.98182843623296]]]}}, {"type": "Feature", "properties": {"name": "hex_017_007", "depth_2023": 145.4, "normal_2023": 9.2, "anomaly_2023": 136.2, "tier_2023": 1, "triggered_2023": true, "thresholds_2023": [122.5, 140.3, 157.3]}, "geometry": {"type": "Polygon", "coordinates": [[[175.4890968995408, -37.82518665719188], [175.43269884483252, -37.74686576767134], [175.31990273541587, -37.74686576767134], [175.26350468070757, -37.82518665719188], [175.31990273541587, -37.90350754671242], [175.43269884483252, -37.90350754671242], [175.4890968995408, -37.82518665719188]]]}}, {"type": "Feature", "properties": {"name": "hex_017_008", "depth_2023": 158.8, "normal_2023": 9.2, "anomaly_2023": 149.7, "tier_2023": 2, "triggered_2023": true, "thresholds_2023": [125.5, 145.1, 163.9]}, "geometry": {"type": "Polygon", "coordinates": [[[175.4890968995408, -37.66854487815079], [175.43269884483252, -37.59022398863025], [175.31990273541587, -37.59022398863025], [175.26350468070757, -37.66854487815079], [175.31990273541587, -37.74686576767133], [175.43269884483252, -37.74686576767133], [175.4890968995408, -37.66854487815079]]]}}, {"type": "Feature", "properties": {"name": "hex_017_009", "depth_2023": 186.6, "normal_2023": 8.5, "anomaly_2023": 178.0, "tier_2023": 3, "triggered_2023": true, "thresholds_2023": [123.6, 142.8, 161.2]}, "geometry": {"type": "Polygon", "coordinates": [[[175.4890968995408, -37.51190309910971], [175.43269884483252, -37.43358220958917], [175.31990273541587, -37.43358220958917], [175.26350468070757, -37.51190309910971], [175.31990273541587, -37.59022398863025], [175.43269884483252, -37.59022398863025], [175.4890968995408, -37.51190309910971]]]}}, {"type": "Feature", "properties": {"name": "hex_017_010", "depth_2023": 217.2, "normal_2023": 8.2, "anomaly_2023": 209.0, "tier_2023": 3, "triggered_2023": true, "thresholds_2023": [120.2, 136.7, 152.5]}, "geometry": {"type": "Polygon", "coordinates": [[[175.4890968995408, -37.35526132006862], [175.43269884483252, -37.27694043054808], [175.31990273541587, -37.27694043054808], [175.26350468070757, -37.35526132006862], [175.31990273541587, -37.43358220958916], [175.43269884483252, -37.43358220958916], [175.4890968995408, -37.35526132006862]]]}}, {"type": "Feature", "properties": {"name": "hex_017_018", "depth_2023": 188.4, "normal_2023": 8.5, "anomaly_2023": 179.8, "tier_2023": 3, "triggered_2023": true, "thresholds_2023": [125.7, 147.7, 168.8]}, "geometry": {"type": "Polygon", "coordinates": [[[175.4890968995408, -36.10212708773996], [175.43269884483252, -36.02380619821942], [175.31990273541587, -36.02380619821942], [175.26350468070757, -36.10212708773996], [175.31990273541587, -36.1804479772605], [175.43269884483252, -36.1804479772605], [175.4890968995408, -36.10212708773996]]]}}, {"type": "Feature", "properties": {"name": "hex_018_000", "depth_2023": 153.4, "normal_2023": 10.9, "anomaly_2023": 142.6, "tier_2023": 2, "triggered_2023": true, "thresholds_2023": [122.1, 141.0, 159.1]}, "geometry": {"type": "Polygon", "coordinates": [[[175.65829106366576, -39.0], [175.60189300895746, -38.92167911047946], [175.4890968995408, -38.92167911047946], [175.43269884483252, -39.0], [175.4890968995408, -39.07832088952054], [175.60189300895746, -39.07832088952054], [175.65829106366576, -39.0]]]}}, {"type": "Feature", "properties": {"name": "hex_018_001", "depth_2023": 155.3, "normal_2023": 10.9, "anomaly_2023": 144.4, "tier_2023": 2, "triggered_2023": true, "thresholds_2023": [121.1, 139.3, 156.7]}, "geometry": {"type": "Polygon", "coordinates": [[[175.65829106366576, -38.84335822095892], [175.60189300895746, -38.76503733143838], [175.4890968995408, -38.76503733143838], [175.43269884483252, -38.84335822095892], [175.4890968995408, -38.92167911047946], [175.60189300895746, -38.92167911047946], [175.65829106366576, -38.84335822095892]]]}}, {"type": "Feature", "properties": {"name": "hex_018_002", "depth_2023": 146.1, "normal_2023": 10.6, "anomaly_2023": 135.5, "tier_2023": 1, "triggered_2023": true, "thresholds_2023": [123.2, 140.8, 157.6]}, "geometry": {"type": "Polygon", "coordinates": [[[175.65829106366576, -38.68671644191783], [175.60189300895746, -38.60839555239729], [175.4890968995408, -38.60839555239729], [175.43269884483252, -38.68671644191783], [175.4890968995408, -38.76503733143837], [175.60189300895746, -38.76503733143837], [175.65829106366576, -38.68671644191783]]]}}, {"type": "Feature", "properties": {"name": "hex_018_003", "depth_2023": 119.2, "normal_2023": 10.8, "anomaly_2023": 108.4, "tier_2023": 0, "triggered_2023": false, "thresholds_2023": [125.5, 142.1, 158.0]}, "geometry": {"type": "Polygon", "coordinates": [[[175.65829106366576, -38.53007466287675], [175.60189300895746, -38.45175377335621], [175.4890968995408, -38.45175377335621], [175.43269884483252, -38.53007466287675], [175.4890968995408, -38.60839555239729], [175.60189300895746, -38.60839555239729], [175.65829106366576, -38.53007466287675]]]}}, {"type": "Feature", "properties": {"name": "hex_018_004", "depth_2023": 119.2, "normal_2023": 10.1, "anomaly_2023": 109.1, "tier_2023": 0, "triggered_2023": false, "thresholds_2023": [127.2, 145.1, 162.3]}, "geometry": {"type": "Polygon", "coordinates": [[[175.65829106366576, -38.37343288383567], [175.60189300895746, -38.29511199431513], [175.4890968995408, -38.29511199431513], [175.43269884483252, -38.37343288383567], [175.4890968995408, -38.45175377335621], [175.60189300895746, -38.45175377335621], [175.65829106366576, -38.37343288383567]]]}}, {"type": "Feature", "properties": {"name": "hex_018_005", "depth_2023": 117.2, "normal_2023": 9.3, "anomaly_2023": 107.9, "tier_2023": 0, "triggered_2023": false, "thresholds_2023": [126.4, 145.6, 164.0]}, "geometry": {"type": "Polygon", "coordinates": [[[175.65829106366576, -38.21679110479458], [175.60189300895746, -38.13847021527404], [175.4890968995408, -38.13847021527404], [175.43269884483252, -38.21679110479458], [175.4890968995408, -38.29511199431512], [175.60189300895746, -38.29511199431512], [175.65829106366576, -38.21679110479458]]]}}, {"type": "Feature", "properties": {"name": "hex_018_006", "depth_2023": 121.9, "normal_2023": 9.4, "anomaly_2023": 112.5, "tier_2023": 0, "triggered_2023": false, "thresholds_2023": [125.2, 144.1, 162.2]}, "geometry": {"type": "Polygon", "coordinates": [[[175.65829106366576, -38.0601493257535], [175.60189300895746, -37.98182843623296], [175.4890968995408, -37.98182843623296], [175.43269884483252, -38.0601493257535], [175.4890968995408, -38.13847021527404], [175.60189300895746, -38.13847021527404], [175.65829106366576, -38.0601493257535]]]}}, {"type": "Feature", "properties": {"name": "hex_018_007", "depth_2023": 121.7, "normal_2023": 9.5, "anomaly_2023": 112.3, "tier_2023": 0, "triggered_2023": false, "thresholds_2023": [124.3, 142.8, 160.5]}, "geometry": {"type": "Polygon", "coordinates": [[[175.65829106366576, -37.90350754671242], [175.60189300895746, -37.82518665719188], [175.4890968995408, -37.82518665719188], [175.43269884483252, -37.90350754671242], [175.4890968995408, -37.98182843623296], [175.60189300895746, -37.98182843623296], [175.65829106366576, -37.90350754671242]]]}}, {"type": "Feature", "properties": {"name": "hex_018_008", "depth_2023": 134.6, "normal_2023": 9.5, "anomaly_2023": 125.1, "tier_2023": 1, "triggered_2023": true, "thresholds_2023": [124.3, 142.4, 159.8]}, "geometry": {"type": "Polygon", "coordinates": [[[175.65829106366576, -37.74686576767133], [175.60189300895746, -37.66854487815079], [175.4890968995408, -37.66854487815079], [175.43269884483252, -37.74686576767133], [175.4890968995408, -37.82518665719187], [175.60189300895746, -37.82518665719187], [175.65829106366576, -37.74686576767133]]]}}, {"type": "Feature", "properties": {"name": "hex_018_009", "depth_2023": 150.7, "normal_2023": 9.1, "anomaly_2023": 141.6, "tier_2023": 1, "triggered_2023": true, "thresholds_2023": [123.8, 142.6, 160.6]}, "geometry": {"type": "Polygon", "coordinates": [[[175.65829106366576, -37.59022398863025], [175.60189300895746, -37.51190309910971], [175.4890968995408, -37.51190309910971], [175.43269884483252, -37.59022398863025], [175.4890968995408, -37.66854487815079], [175.60189300895746, -37.66854487815079], [175.65829106366576, -37.59022398863025]]]}}, {"type": "Feature", "properties": {"name": "hex_018_010", "depth_2023": 166.6, "normal_2023": 9.0, "anomaly_2023": 157.6, "tier_2023": 3, "triggered_2023": true, "thresholds_2023": [122.5, 139.2, 155.3]}, "geometry": {"type": "Polygon", "coordinates": [[[175.65829106366576, -37.43358220958916], [175.60189300895746, -37.35526132006862], [175.4890968995408, -37.35526132006862], [175.43269884483252, -37.43358220958916], [175.4890968995408, -37.5119030991097], [175.60189300895746, -37.5119030991097], [175.65829106366576, -37.43358220958916]]]}}, {"type": "Feature", "properties": {"name": "hex_018_011", "depth_2023": 194.8, "normal_2023": 9.1, "anomaly_2023": 185.7, "tier_2023": 3, "triggered_2023": true, "thresholds_2023": [124.0, 139.0, 153.5]}, "geometry": {"type": "Polygon", "coordinates": [[[175.65829106366576, -37.27694043054808], [175.60189300895746, -37.19861954102754], [175.4890968995408, -37.19861954102754], [175.43269884483252, -37.27694043054808], [175.4890968995408, -37.35526132006862], [175.60189300895746, -37.35526132006862], [175.65829106366576, -37.27694043054808]]]}}, {"type": "Feature", "properties": {"name": "hex_018_012", "depth_2023": 209.5, "normal_2023": 9.2, "anomaly_2023": 200.3, "tier_2023": 3, "triggered_2023": true, "thresholds_2023": [129.9, 147.2, 163.7]}, "geometry": {"type": "Polygon", "coordinates": [[[175.65829106366576, -37.120298651507], [175.60189300895746, -37.04197776198646], [175.4890968995408, -37.04197776198646], [175.43269884483252, -37.120298651507], [175.4890968995408, -37.19861954102754], [175.60189300895746, -37.19861954102754], [175.65829106366576, -37.120298651507]]]}}, {"type": "Feature", "properties": {"name": "hex_018_013", "depth_2023": 202.0, "normal_2023": 9.3, "anomaly_2023": 192.7, "tier_2023": 3, "triggered_2023": true, "thresholds_2023": [128.9, 144.4, 159.2]}, "geometry": {"type": "Polygon", "coordinates": [[[175.65829106366576, -36.96365687246591], [175.60189300895746, -36.88533598294537], [175.4890968995408, -36.88533598294537], [175.43269884483252, -36.96365687246591], [175.4890968995408, -37.04197776198645], [175.60189300895746, -37.04197776198645], [175.65829106366576, -36.96365687246591]]]}}, {"type": "Feature", "properties": {"name": "hex_018_014", "depth_2023": 199.2, "normal_2023": 9.4, "anomaly_2023": 189.8, "tier_2023": 3, "triggered_2023": true, "thresholds_2023": [131.4, 148.0, 163.8]}, "geometry": {"type": "Polygon", "coordinates": [[[175.65829106366576, -36.80701509342483], [175.60189300895746, -36.72869420390429], [175.4890968995408, -36.72869420390429], [175.43269884483252, -36.80701509342483], [175.4890968995408, -36.88533598294537], [175.60189300895746, -36.88533598294537], [175.65829106366576, -36.80701509342483]]]}}, {"type": "Feature", "properties": {"name": "hex_018_015", "depth_2023": 207.9, "normal_2023": 10.5, "anomaly_2023": 197.4, "tier_2023": 3, "triggered_2023": true, "thresholds_2023": [135.2, 153.8, 171.5]}, "geometry": {"type": "Polygon", "coordinates": [[[175.65829106366576, -36.65037331438375], [175.60189300895746, -36.57205242486321], [175.4890968995408, -36.57205242486321], [175.43269884483252, -36.65037331438375], [175.4890968995408, -36.72869420390429], [175.60189300895746, -36.72869420390429], [175.65829106366576, -36.65037331438375]]]}}, {"type": "Feature", "properties": {"name": "hex_019_000", "depth_2023": 155.3, "normal_2023": 12.1, "anomaly_2023": 143.3, "tier_2023": 2, "triggered_2023": true, "thresholds_2023": [122.2, 141.9, 160.8]}, "geometry": {"type": "Polygon", "coordinates": [[[175.8274852277907, -38.92167911047946], [175.7710871730824, -38.84335822095892], [175.65829106366576, -38.84335822095892], [175.60189300895746, -38.92167911047946], [175.65829106366576, -39.0], [175.7710871730824, -39.0], [175.8274852277907, -38.92167911047946]]]}}, {"type": "Feature", "properties": {"name": "hex_019_001", "depth_2023": 155.3, "normal_2023": 11.9, "anomaly_2023": 143.4, "tier_2023": 2, "triggered_2023": true, "thresholds_2023": [119.3, 137.1, 154.2]}, "geometry": {"type": "Polygon", "coordinates": [[[175.8274852277907, -38.76503733143838], [175.7710871730824, -38.68671644191784], [175.65829106366576, -38.68671644191784], [175.60189300895746, -38.76503733143838], [175.65829106366576, -38.84335822095892], [175.7710871730824, -38.84335822095892], [175.8274852277907, -38.76503733143838]]]}}, {"type": "Feature", "properties": {"name": "hex_019_002", "depth_2023": 126.3, "normal_2023": 11.3, "anomaly_2023": 115.1, "tier_2023": 0, "triggered_2023": false, "thresholds_2023": [121.8, 137.8, 153.1]}, "geometry": {"type": "Polygon", "coordinates": [[[175.8274852277907, -38.60839555239729], [175.7710871730824, -38.53007466287675], [175.65829106366576, -38.53007466287675], [175.60189300895746, -38.60839555239729], [175.65829106366576, -38.68671644191783], [175.7710871730824, -38.68671644191783], [175.8274852277907, -38.60839555239729]]]}}, {"type": "Feature", "properties": {"name": "hex_019_003", "depth_2023": 116.9, "normal_2023": 10.7, "anomaly_2023": 106.3, "tier_2023": 0, "triggered_2023": false, "thresholds_2023": [125.5, 142.2, 158.2]}, "geometry": {"type": "Polygon", "coordinates": [[[175.8274852277907, -38.45175377335621], [175.7710871730824, -38.37343288383567], [175.65829106366576, -38.37343288383567], [175.60189300895746, -38.45175377335621], [175.65829106366576, -38.53007466287675], [175.7710871730824, -38.53007466287675], [175.8274852277907, -38.45175377335621]]]}}, {"type": "Feature", "properties": {"name": "hex_019_004", "depth_2023": 114.1, "normal_2023": 9.6, "anomaly_2023": 104.5, "tier_2023": 0, "triggered_2023": false, "thresholds_2023": [127.7, 147.3, 166.0]}, "geometry": {"type": "Polygon", "coordinates": [[[175.8274852277907, -38.29511199431513], [175.7710871730824, -38.21679110479459], [175.65829106366576, -38.21679110479459], [175.60189300895746, -38.29511199431513], [175.65829106366576, -38.37343288383567], [175.7710871730824, -38.37343288383567], [175.8274852277907, -38.29511199431513]]]}}, {"type": "Feature", "properties": {"name": "hex_019_005", "depth_2023": 115.1, "normal_2023": 9.7, "anomaly_2023": 105.4, "tier_2023": 0, "triggered_2023": false, "thresholds_2023": [125.9, 145.5, 164.4]}, "geometry": {"type": "Polygon", "coordinates": [[[175.8274852277907, -38.13847021527404], [175.7710871730824, -38.0601493257535], [175.65829106366576, -38.0601493257535], [175.60189300895746, -38.13847021527404], [175.65829106366576, -38.21679110479458], [175.7710871730824, -38.21679110479458], [175.8274852277907, -38.13847021527404]]]}}, {"type": "Feature", "properties": {"name": "hex_019_006", "depth_2023": 123.2, "normal_2023": 9.8, "anomaly_2023": 113.5, "tier_2023": 0, "triggered_2023": false, "thresholds_2023": [124.1, 142.7, 160.5]}, "geometry": {"type": "Polygon", "coordinates": [[[175.8274852277907, -37.98182843623296], [175.7710871730824, -37.90350754671242], [175.65829106366576, -37.90350754671242], [175.60189300895746, -37.98182843623296], [175.65829106366576, -38.0601493257535], [175.7710871730824, -38.0601493257535], [175.8274852277907, -37.98182843623296]]]}}, {"type": "Feature", "properties": {"name": "hex_019_007", "depth_2023": 155.4, "normal_2023": 9.9, "anomaly_2023": 145.5, "tier_2023": 1, "triggered_2023": true, "thresholds_2023": [126.8, 145.9, 164.2]}, "geometry": {"type": "Polygon", "coordinates": [[[175.8274852277907, -37.82518665719188], [175.7710871730824, -37.74686576767134], [175.65829106366576, -37.74686576767134], [175.60189300895746, -37.82518665719188], [175.65829106366576, -37.90350754671242], [175.7710871730824, -37.90350754671242], [175.8274852277907, -37.82518665719188]]]}}, {"type": "Feature", "properties": {"name": "hex_019_008", "depth_2023": 174.4, "normal_2023": 9.8, "anomaly_2023": 164.5, "tier_2023": 3, "triggered_2023": true, "thresholds_2023": [125.7, 144.3, 162.2]}, "geometry": {"type": "Polygon", "coordinates": [[[175.8274852277907, -37.66854487815079], [175.7710871730824, -37.59022398863025], [175.65829106366576, -37.59022398863025], [175.60189300895746, -37.66854487815079], [175.65829106366576, -37.74686576767133], [175.7710871730824, -37.74686576767133], [175.8274852277907, -37.66854487815079]]]}}, {"type": "Feature", "properties": {"name": "hex_019_009", "depth_2023": 177.7, "normal_2023": 9.5, "anomaly_2023": 168.2, "tier_2023": 3, "triggered_2023": true, "thresholds_2023": [124.6, 141.8, 158.3]}, "geometry": {"type": "Polygon", "coordinates": [[[175.8274852277907, -37.51190309910971], [175.7710871730824, -37.43358220958917], [175.65829106366576, -37.43358220958917], [175.60189300895746, -37.51190309910971], [175.65829106366576, -37.59022398863025], [175.7710871730824, -37.59022398863025], [175.8274852277907, -37.51190309910971]]]}}, {"type": "Feature", "properties": {"name": "hex_019_010", "depth_2023": 177.1, "normal_2023": 9.6, "anomaly_2023": 167.4, "tier_2023": 3, "triggered_2023": true, "thresholds_2023": [127.6, 144.4, 160.6]}, "geometry": {"type": "Polygon", "coordinates": [[[175.8274852277907, -37.35526132006862], [175.7710871730824, -37.27694043054808], [175.65829106366576, -37.27694043054808], [175.60189300895746, -37.35526132006862], [175.65829106366576, -37.43358220958916], [175.7710871730824, -37.43358220958916], [175.8274852277907, -37.35526132006862]]]}}, {"type": "Feature", "properties": {"name": "hex_019_011", "depth_2023": 180.0, "normal_2023": 9.7, "anomaly_2023": 170.3, "tier_2023": 3, "triggered_2023": true, "thresholds_2023": [133.2, 149.8, 165.8]}, "geometry": {"type": "Polygon", "coordinates": [[[175.8274852277907, -37.19861954102754], [175.7710871730824, -37.120298651507], [175.65829106366576, -37.120298651507], [175.60189300895746, -37.19861954102754], [175.65829106366576, -37.27694043054808], [175.7710871730824, -37.27694043054808], [175.8274852277907, -37.19861954102754]]]}}, {"type": "Feature", "properties": {"name": "hex_019_012", "depth_2023": 192.9, "normal_2023": 9.5, "anomaly_2023": 183.4, "tier_2023": 3, "triggered_2023": true, "thresholds_2023": [128.7, 142.5, 155.7]}, "geometry": {"type": "Polygon", "coordinates": [[[175.8274852277907, -37.04197776198646], [175.7710871730824, -36.96365687246592], [175.65829106366576, -36.96365687246592], [175.60189300895746, -37.04197776198646], [175.65829106366576, -37.120298651507], [175.7710871730824, -37.120298651507], [175.8274852277907, -37.04197776198646]]]}}, {"type": "Feature", "properties": {"name": "hex_019_013", "depth_2023": 192.9, "normal_2023": 9.5, "anomaly_2023": 183.4, "tier_2023": 3, "triggered_2023": true, "thresholds_2023": [127.7, 141.2, 154.2]}, "geometry": {"type": "Polygon", "coordinates": [[[175.8274852277907, -36.88533598294537], [175.7710871730824, -36.80701509342483], [175.65829106366576, -36.80701509342483], [175.60189300895746, -36.88533598294537], [175.65829106366576, -36.96365687246591], [175.7710871730824, -36.96365687246591], [175.8274852277907, -36.88533598294537]]]}}, {"type": "Feature", "properties": {"name": "hex_019_014", "depth_2023": 207.9, "normal_2023": 9.6, "anomaly_2023": 198.3, "tier_2023": 3, "triggered_2023": true, "thresholds_2023": [133.9, 151.4, 168.1]}, "geometry": {"type": "Polygon", "coordinates": [[[175.8274852277907, -36.72869420390429], [175.7710871730824, -36.65037331438375], [175.65829106366576, -36.65037331438375], [175.60189300895746, -36.72869420390429], [175.65829106366576, -36.80701509342483], [175.7710871730824, -36.80701509342483], [175.8274852277907, -36.72869420390429]]]}}, {"type": "Feature", "properties": {"name": "hex_020_000", "depth_2023": 140.3, "normal_2023": 12.5, "anomaly_2023": 127.9, "tier_2023": 1, "triggered_2023": true, "thresholds_2023": [120.4, 141.1, 161.0]}, "geometry": {"type": "Polygon", "coordinates": [[[175.99667939191568, -39.0], [175.94028133720738, -38.92167911047946], [175.82748522779073, -38.92167911047946], [175.77108717308244, -39.0], [175.82748522779073, -39.07832088952054], [175.94028133720738, -39.07832088952054], [175.99667939191568, -39.0]]]}}, {"type": "Feature", "properties": {"name": "hex_020_001", "depth_2023": 137.8, "normal_2023": 11.3, "anomaly_2023": 126.5, "tier_2023": 1, "triggered_2023": true, "thresholds_2023": [122.1, 141.2, 159.5]}, "geometry": {"type": "Polygon", "coordinates": [[[175.99667939191568, -38.84335822095892], [175.94028133720738, -38.76503733143838], [175.82748522779073, -38.76503733143838], [175.77108717308244, -38.84335822095892], [175.82748522779073, -38.92167911047946], [175.94028133720738, -38.92167911047946], [175.99667939191568, -38.84335822095892]]]}}, {"type": "Feature", "properties": {"name": "hex_020_002", "depth_2023": 136.6, "normal_2023": 11.2, "anomaly_2023": 125.4, "tier_2023": 1, "triggered_2023": true, "thresholds_2023": [122.1, 140.3, 157.8]}, "geometry": {"type": "Polygon", "coordinates": [[[175.99667939191568, -38.68671644191783], [175.94028133720738, -38.60839555239729], [175.82748522779073, -38.60839555239729], [175.77108717308244, -38.68671644191783], [175.82748522779073, -38.76503733143837], [175.94028133720738, -38.76503733143837], [175.99667939191568, -38.68671644191783]]]}}, {"type": "Feature", "properties": {"name": "hex_020_003", "depth_2023": 114.3, "normal_2023": 10.6, "anomaly_2023": 103.6, "tier_2023": 0, "triggered_2023": false, "thresholds_2023": [127.8, 146.9, 165.2]}, "geometry": {"type": "Polygon", "coordinates": [[[175.99667939191568, -38.53007466287675], [175.94028133720738, -38.45175377335621], [175.82748522779073, -38.45175377335621], [175.77108717308244, -38.53007466287675], [175.82748522779073, -38.60839555239729], [175.94028133720738, -38.60839555239729], [175.99667939191568, -38.53007466287675]]]}}, {"type": "Feature", "properties": {"name": "hex_020_004", "depth_2023": 109.2, "normal_2023": 10.4, "anomaly_2023": 98.8, "tier_2023": 0, "triggered_2023": false, "thresholds_2023": [129.5, 150.8, 171.1]}, "geometry": {"type": "Polygon", "coordinates": [[[175.99667939191568, -38.37343288383567], [175.94028133720738, -38.29511199431513], [175.82748522779073, -38.29511199431513], [175.77108717308244, -38.37343288383567], [175.82748522779073, -38.45175377335621], [175.94028133720738, -38.45175377335621], [175.99667939191568, -38.37343288383567]]]}}, {"type": "Feature", "properties": {"name": "hex_020_005", "depth_2023": 107.0, "normal_2023": 10.1, "anomaly_2023": 96.9, "tier_2023": 0, "triggered_2023": false, "thresholds_2023": [128.9, 149.8, 169.9]}, "geometry": {"type": "Polygon", "coordinates": [[[175.99667939191568, -38.21679110479458], [175.94028133720738, -38.13847021527404], [175.82748522779073, -38.13847021527404], [175.77108717308244, -38.21679110479458], [175.82748522779073, -38.29511199431512], [175.94028133720738, -38.29511199431512], [175.99667939191568, -38.21679110479458]]]}}, {"type": "Feature", "properties": {"name": "hex_020_006", "depth_2023": 113.7, "normal_2023": 10.4, "anomaly_2023": 103.3, "tier_2023": 0, "triggered_2023": false, "thresholds_2023": [129.5, 150.5, 170.6]}, "geometry": {"type": "Polygon", "coordinates": [[[175.99667939191568, -38.0601493257535], [175.94028133720738, -37.98182843623296], [175.82748522779073, -37.98182843623296], [175.77108717308244, -38.0601493257535], [175.82748522779073, -38.13847021527404], [175.94028133720738, -38.13847021527404], [175.99667939191568, -38.0601493257535]]]}}, {"type": "Feature", "properties": {"name": "hex_020_007", "depth_2023": 129.6, "normal_2023": 10.2, "anomaly_2023": 119.3, "tier_2023": 0, "triggered_2023": false, "thresholds_2023": [130.6, 151.9, 172.3]}, "geometry": {"type": "Polygon", "coordinates": [[[175.99667939191568, -37.90350754671242], [175.94028133720738, -37.82518665719188], [175.82748522779073, -37.82518665719188], [175.77108717308244, -37.90350754671242], [175.82748522779073, -37.98182843623296], [175.94028133720738, -37.98182843623296], [175.99667939191568, -37.90350754671242]]]}}, {"type": "Feature", "properties": {"name": "hex_020_008", "depth_2023": 149.1, "normal_2023": 10.3, "anomaly_2023": 138.8, "tier_2023": 1, "triggered_2023": true, "thresholds_2023": [127.1, 145.8, 163.8]}, "geometry": {"type": "Polygon", "coordinates": [[[175.99667939191568, -37.74686576767133], [175.94028133720738, -37.66854487815079], [175.82748522779073, -37.66854487815079], [175.77108717308244, -37.74686576767133], [175.82748522779073, -37.82518665719187], [175.94028133720738, -37.82518665719187], [175.99667939191568, -37.74686576767133]]]}}, {"type": "Feature", "properties": {"name": "hex_020_009", "depth_2023": 157.1, "normal_2023": 10.3, "anomaly_2023": 146.8, "tier_2023": 2, "triggered_2023": true, "thresholds_2023": [128.3, 146.7, 164.3]}, "geometry": {"type": "Polygon", "coordinates": [[[175.99667939191568, -37.59022398863025], [175.94028133720738, -37.51190309910971], [175.82748522779073, -37.51190309910971], [175.77108717308244, -37.59022398863025], [175.82748522779073, -37.66854487815079], [175.94028133720738, -37.66854487815079], [175.99667939191568, -37.59022398863025]]]}}, {"type": "Feature", "properties": {"name": "hex_020_010", "depth_2023": 185.8, "normal_2023": 10.0, "anomaly_2023": 175.8, "tier_2023": 3, "triggered_2023": true, "thresholds_2023": [136.9, 155.3, 173.0]}, "geometry": {"type": "Polygon", "coordinates": [[[175.99667939191568, -37.43358220958916], [175.94028133720738, -37.35526132006862], [175.82748522779073, -37.35526132006862], [175.77108717308244, -37.43358220958916], [175.82748522779073, -37.5119030991097], [175.94028133720738, -37.5119030991097], [175.99667939191568, -37.43358220958916]]]}}, {"type": "Feature", "properties": {"name": "hex_020_011", "depth_2023": 188.7, "normal_2023": 10.0, "anomaly_2023": 178.7, "tier_2023": 3, "triggered_2023": true, "thresholds_2023": [137.0, 154.0, 170.3]}, "geometry": {"type": "Polygon", "coordinates": [[[175.99667939191568, -37.27694043054808], [175.94028133720738, -37.19861954102754], [175.82748522779073, -37.19861954102754], [175.77108717308244, -37.27694043054808], [175.82748522779073, -37.35526132006862], [175.94028133720738, -37.35526132006862], [175.99667939191568, -37.27694043054808]]]}}, {"type": "Feature", "properties": {"name": "hex_020_012", "depth_2023": 185.8, "normal_2023": 9.4, "anomaly_2023": 176.5, "tier_2023": 3, "triggered_2023": true, "thresholds_2023": [132.6, 147.5, 161.8]}, "geometry": {"type": "Polygon", "coordinates": [[[175.99667939191568, -37.120298651507], [175.94028133720738, -37.04197776198646], [175.82748522779073, -37.04197776198646], [175.77108717308244, -37.120298651507], [175.82748522779073, -37.19861954102754], [175.94028133720738, -37.19861954102754], [175.99667939191568, -37.120298651507]]]}}, {"type": "Feature", "properties": {"name": "hex_021_000", "depth_2023": 145.3, "normal_2023": 11.8, "anomaly_2023": 133.5, "tier_2023": 1, "triggered_2023": true, "thresholds_2023": [121.6, 142.2, 162.0]}, "geometry": {"type": "Polygon", "coordinates": [[[176.16587355604062, -38.92167911047946], [176.10947550133233, -38.84335822095892], [175.99667939191568, -38.84335822095892], [175.94028133720738, -38.92167911047946], [175.99667939191568, -39.0], [176.10947550133233, -39.0], [176.16587355604062, -38.92167911047946]]]}}, {"type": "Feature", "properties": {"name": "hex_021_001", "depth_2023": 136.6, "normal_2023": 11.0, "anomaly_2023": 125.6, "tier_2023": 1, "triggered_2023": true, "thresholds_2023": [121.0, 140.2, 158.6]}, "geometry": {"type": "Polygon", "coordinates": [[[176.16587355604062, -38.76503733143838], [176.10947550133233, -38.68671644191784], [175.99667939191568, -38.68671644191784], [175.94028133720738, -38.76503733143838], [175.99667939191568, -38.84335822095892], [176.10947550133233, -38.84335822095892], [176.16587355604062, -38.76503733143838]]]}}, {"type": "Feature", "properties": {"name": "hex_021_002", "depth_2023": 138.1, "normal_2023": 10.9, "anomaly_2023": 127.3, "tier_2023": 1, "triggered_2023": true, "thresholds_2023": [124.2, 142.8, 160.7]}, "geometry": {"type": "Polygon", "coordinates": [[[176.16587355604062, -38.60839555239729], [176.10947550133233, -38.53007466287675], [175.99667939191568, -38.53007466287675], [175.94028133720738, -38.60839555239729], [175.99667939191568, -38.68671644191783], [176.10947550133233, -38.68671644191783], [176.16587355604062, -38.60839555239729]]]}}, {"type": "Feature", "properties": {"name": "hex_021_003", "depth_2023": 130.6, "normal_2023": 10.4, "anomaly_2023": 120.2, "tier_2023": 0, "triggered_2023": false, "thresholds_2023": [130.7, 151.9, 172.3]}, "geometry": {"type": "Polygon", "coordinates": [[[176.16587355604062, -38.45175377335621], [176.10947550133233, -38.37343288383567], [175.99667939191568, -38.37343288383567], [175.94028133720738, -38.45175377335621], [175.99667939191568, -38.53007466287675], [176.10947550133233, -38.53007466287675], [176.16587355604062, -38.45175377335621]]]}}, {"type": "Feature", "properties": {"name": "hex_021_004", "depth_2023": 130.6, "normal_2023": 10.5, "anomaly_2023": 120.1, "tier_2023": 0, "triggered_2023": false, "thresholds_2023": [132.6, 154.3, 175.2]}, "geometry": {"type": "Polygon", "coordinates": [[[176.16587355604062, -38.29511199431513], [176.10947550133233, -38.21679110479459], [175.99667939191568, -38.21679110479459], [175.94028133720738, -38.29511199431513], [175.99667939191568, -38.37343288383567], [176.10947550133233, -38.37343288383567], [176.16587355604062, -38.29511199431513]]]}}, {"type": "Feature", "properties": {"name": "hex_021_005", "depth_2023": 123.8, "normal_2023": 10.5, "anomaly_2023": 113.4, "tier_2023": 0, "triggered_2023": false, "thresholds_2023": [132.0, 153.0, 173.1]}, "geometry": {"type": "Polygon", "coordinates": [[[176.16587355604062, -38.13847021527404], [176.10947550133233, -38.0601493257535], [175.99667939191568, -38.0601493257535], [175.94028133720738, -38.13847021527404], [175.99667939191568, -38.21679110479458], [176.10947550133233, -38.21679110479458], [176.16587355604062, -38.13847021527404]]]}}, {"type": "Feature", "properties": {"name": "hex_021_006", "depth_2023": 131.3, "normal_2023": 10.5, "anomaly_2023": 120.7, "tier_2023": 0, "triggered_2023": false, "thresholds_2023": [129.9, 150.3, 169.8]}, "geometry": {"type": "Polygon", "coordinates": [[[176.16587355604062, -37.98182843623296], [176.10947550133233, -37.90350754671242], [175.99667939191568, -37.90350754671242], [175.94028133720738, -37.98182843623296], [175.99667939191568, -38.0601493257535], [176.10947550133233, -38.0601493257535], [176.16587355604062, -37.98182843623296]]]}}, {"type": "Feature", "properties": {"name": "hex_021_007", "depth_2023": 128.5, "normal_2023": 10.4, "anomaly_2023": 118.1, "tier_2023": 0, "triggered_2023": false, "thresholds_2023": [129.8, 148.3, 166.1]}, "geometry": {"type": "Polygon", "coordinates": [[[176.16587355604062, -37.82518665719188], [176.10947550133233, -37.74686576767134], [175.99667939191568, -37.74686576767134], [175.94028133720738, -37.82518665719188], [175.99667939191568, -37.90350754671242], [176.10947550133233, -37.90350754671242], [176.16587355604062, -37.82518665719188]]]}}, {"type": "Feature", "properties": {"name": "hex_022_000", "depth_2023": 145.3, "normal_2023": 10.8, "anomaly_2023": 134.5, "tier_2023": 1, "triggered_2023": true, "thresholds_2023": [127.6, 150.2, 171.8]}, "geometry": {"type": "Polygon", "coordinates": [[[176.33506772016557, -39.0], [176.27866966545727, -38.92167911047946], [176.16587355604062, -38.92167911047946], [176.10947550133233, -39.0], [176.16587355604062, -39.07832088952054], [176.27866966545727, -39.07832088952054], [176.33506772016557, -39.0]]]}}, {"type": "Feature", "properties": {"name": "hex_022_001", "depth_2023": 154.0, "normal_2023": 10.6, "anomaly_2023": 143.4, "tier_2023": 2, "triggered_2023": true, "thresholds_2023": [121.8, 141.5, 160.4]}, "geometry": {"type": "Polygon", "coordinates": [[[176.33506772016557, -38.84335822095892], [176.27866966545727, -38.76503733143838], [176.16587355604062, -38.76503733143838], [176.10947550133233, -38.84335822095892], [176.16587355604062, -38.92167911047946], [176.27866966545727, -38.92167911047946], [176.33506772016557, -38.84335822095892]]]}}, {"type": "Feature", "properties": {"name": "hex_022_002", "depth_2023": 145.8, "normal_2023": 10.9, "anomaly_2023": 134.8, "tier_2023": 1, "triggered_2023": true, "thresholds_2023": [122.0, 140.9, 159.0]}, "geometry": {"type": "Polygon", "coordinates": [[[176.33506772016557, -38.68671644191783], [176.27866966545727, -38.60839555239729], [176.16587355604062, -38.60839555239729], [176.10947550133233, -38.68671644191783], [176.16587355604062, -38.76503733143837], [176.27866966545727, -38.76503733143837], [176.33506772016557, -38.68671644191783]]]}}, {"type": "Feature", "properties": {"name": "hex_022_003", "depth_2023": 139.9, "normal_2023": 10.7, "anomaly_2023": 129.1, "tier_2023": 0, "triggered_2023": false, "thresholds_2023": [131.1, 152.6, 173.2]}, "geometry": {"type": "Polygon", "coordinates": [[[176.33506772016557, -38.53007466287675], [176.27866966545727, -38.45175377335621], [176.16587355604062, -38.45175377335621], [176.10947550133233, -38.53007466287675], [176.16587355604062, -38.60839555239729], [176.27866966545727, -38.60839555239729], [176.33506772016557, -38.53007466287675]]]}}, {"type": "Feature", "properties": {"name": "hex_022_004", "depth_2023": 139.9, "normal_2023": 10.9, "anomaly_2023": 129.0, "tier_2023": 0, "triggered_2023": false, "thresholds_2023": [134.3, 157.1, 179.0]}, "geometry": {"type": "Polygon", "coordinates": [[[176.33506772016557, -38.37343288383567], [176.27866966545727, -38.29511199431513], [176.16587355604062, -38.29511199431513], [176.10947550133233, -38.37343288383567], [176.16587355604062, -38.45175377335621], [176.27866966545727, -38.45175377335621], [176.33506772016557, -38.37343288383567]]]}}, {"type": "Feature", "properties": {"name": "hex_022_005", "depth_2023": 119.9, "normal_2023": 11.0, "anomaly_2023": 108.9, "tier_2023": 0, "triggered_2023": false, "thresholds_2023": [133.5, 155.3, 176.2]}, "geometry": {"type": "Polygon", "coordinates": [[[176.33506772016557, -38.21679110479458], [176.27866966545727, -38.13847021527404], [176.16587355604062, -38.13847021527404], [176.10947550133233, -38.21679110479458], [176.16587355604062, -38.29511199431512], [176.27866966545727, -38.29511199431512], [176.33506772016557, -38.21679110479458]]]}}, {"type": "Feature", "properties": {"name": "hex_022_006", "depth_2023": 117.5, "normal_2023": 11.2, "anomaly_2023": 106.2, "tier_2023": 0, "triggered_2023": false, "thresholds_2023": [130.9, 151.4, 171.1]}, "geometry": {"type": "Polygon", "coordinates": [[[176.33506772016557, -38.0601493257535], [176.27866966545727, -37.98182843623296], [176.16587355604062, -37.98182843623296], [176.10947550133233, -38.0601493257535], [176.16587355604062, -38.13847021527404], [176.27866966545727, -38.13847021527404], [176.33506772016557, -38.0601493257535]]]}}, {"type": "Feature", "properties": {"name": "hex_022_007", "depth_2023": 126.7, "normal_2023": 10.8, "anomaly_2023": 116.0, "tier_2023": 0, "triggered_2023": false, "thresholds_2023": [131.9, 150.2, 167.7]}, "geometry": {"type": "Polygon", "coordinates": [[[176.33506772016557, -37.90350754671242], [176.27866966545727, -37.82518665719188], [176.16587355604062, -37.82518665719188], [176.10947550133233, -37.90350754671242], [176.16587355604062, -37.98182843623296], [176.27866966545727, -37.98182843623296], [176.33506772016557, -37.90350754671242]]]}}, {"type": "Feature", "properties": {"name": "hex_022_008", "depth_2023": 135.3, "normal_2023": 10.7, "anomaly_2023": 124.5, "tier_2023": 0, "triggered_2023": false, "thresholds_2023": [136.5, 154.1, 170.9]}, "geometry": {"type": "Polygon", "coordinates": [[[176.33506772016557, -37.74686576767133], [176.27866966545727, -37.66854487815079], [176.16587355604062, -37.66854487815079], [176.10947550133233, -37.74686576767133], [176.16587355604062, -37.82518665719187], [176.27866966545727, -37.82518665719187], [176.33506772016557, -37.74686576767133]]]}}, {"type": "Feature", "properties": {"name": "hex_023_000", "depth_2023": 161.1, "normal_2023": 10.5, "anomaly_2023": 150.6, "tier_2023": 2, "triggered_2023": true, "thresholds_2023": [127.3, 148.4, 168.7]}, "geometry": {"type": "Polygon", "coordinates": [[[176.50426188429051, -38.92167911047946], [176.44786382958222, -38.84335822095892], [176.33506772016557, -38.84335822095892], [176.27866966545727, -38.92167911047946], [176.33506772016557, -39.0], [176.44786382958222, -39.0], [176.50426188429051, -38.92167911047946]]]}}, {"type": "Feature", "properties": {"name": "hex_023_001", "depth_2023": 158.7, "normal_2023": 10.5, "anomaly_2023": 148.2, "tier_2023": 1, "triggered_2023": true, "thresholds_2023": [127.7, 148.5, 168.5]}, "geometry": {"type": "Polygon", "coordinates": [[[176.50426188429051, -38.76503733143838], [176.44786382958222, -38.68671644191784], [176.33506772016557, -38.68671644191784], [176.27866966545727, -38.76503733143838], [176.33506772016557, -38.84335822095892], [176.44786382958222, -38.84335822095892], [176.50426188429051, -38.76503733143838]]]}}, {"type": "Feature", "properties": {"name": "hex_023_002", "depth_2023": 152.1, "normal_2023": 11.4, "anomaly_2023": 140.7, "tier_2023": 1, "triggered_2023": true, "thresholds_2023": [133.6, 155.9, 177.4]}, "geometry": {"type": "Polygon", "coordinates": [[[176.50426188429051, -38.60839555239729], [176.44786382958222, -38.53007466287675], [176.33506772016557, -38.53007466287675], [176.27866966545727, -38.60839555239729], [176.33506772016557, -38.68671644191783], [176.44786382958222, -38.68671644191783], [176.50426188429051, -38.60839555239729]]]}}, {"type": "Feature", "properties": {"name": "hex_023_003", "depth_2023": 145.7, "normal_2023": 11.5, "anomaly_2023": 134.1, "tier_2023": 0, "triggered_2023": false, "thresholds_2023": [137.4, 161.4, 184.4]}, "geometry": {"type": "Polygon", "coordinates": [[[176.50426188429051, -38.45175377335621], [176.44786382958222, -38.37343288383567], [176.33506772016557, -38.37343288383567], [176.27866966545727, -38.45175377335621], [176.33506772016557, -38.53007466287675], [176.44786382958222, -38.53007466287675], [176.50426188429051, -38.45175377335621]]]}}, {"type": "Feature", "properties": {"name": "hex_023_004", "depth_2023": 131.7, "normal_2023": 11.5, "anomaly_2023": 120.2, "tier_2023": 0, "triggered_2023": false, "thresholds_2023": [137.8, 161.9, 185.0]}, "geometry": {"type": "Polygon", "coordinates": [[[176.50426188429051, -38.29511199431513], [176.44786382958222, -38.21679110479459], [176.33506772016557, -38.21679110479459], [176.27866966545727, -38.29511199431513], [176.33506772016557, -38.37343288383567], [176.44786382958222, -38.37343288383567], [176.50426188429051, -38.29511199431513]]]}}, {"type": "Feature", "properties": {"name": "hex_023_005", "depth_2023": 125.5, "normal_2023": 11.7, "anomaly_2023": 113.8, "tier_2023": 0, "triggered_2023": false, "thresholds_2023": [134.0, 153.8, 172.8]}, "geometry": {"type": "Polygon", "coordinates": [[[176.50426188429051, -38.13847021527404], [176.44786382958222, -38.0601493257535], [176.33506772016557, -38.0601493257535], [176.27866966545727, -38.13847021527404], [176.33506772016557, -38.21679110479458], [176.44786382958222, -38.21679110479458], [176.50426188429051, -38.13847021527404]]]}}, {"type": "Feature", "properties": {"name": "hex_023_006", "depth_2023": 132.4, "normal_2023": 11.9, "anomaly_2023": 120.5, "tier_2023": 0, "triggered_2023": false, "thresholds_2023": [132.8, 150.7, 167.9]}, "geometry": {"type": "Polygon", "coordinates": [[[176.50426188429051, -37.98182843623296], [176.44786382958222, -37.90350754671242], [176.33506772016557, -37.90350754671242], [176.27866966545727, -37.98182843623296], [176.33506772016557, -38.0601493257535], [176.44786382958222, -38.0601493257535], [176.50426188429051, -37.98182843623296]]]}}, {"type": "Feature", "properties": {"name": "hex_023_007", "depth_2023": 143.6, "normal_2023": 11.5, "anomaly_2023": 132.1, "tier_2023": 0, "triggered_2023": false, "thresholds_2023": [140.4, 159.2, 177.2]}, "geometry": {"type": "Polygon", "coordinates": [[[176.50426188429051, -37.82518665719188], [176.44786382958222, -37.74686576767134], [176.33506772016557, -37.74686576767134], [176.27866966545727, -37.82518665719188], [176.33506772016557, -37.90350754671242], [176.44786382958222, -37.90350754671242], [176.50426188429051, -37.82518665719188]]]}}, {"type": "Feature", "properties": {"name": "hex_024_000", "depth_2023": 170.6, "normal_2023": 10.9, "anomaly_2023": 159.8, "tier_2023": 2, "triggered_2023": true, "thresholds_2023": [129.4, 151.5, 172.7]}, "geometry": {"type": "Polygon", "coordinates": [[[176.6734560484155, -39.0], [176.6170579937072, -38.92167911047946], [176.50426188429054, -38.92167911047946], [176.44786382958225, -39.0], [176.50426188429054, -39.07832088952054], [176.6170579937072, -39.07832088952054], [176.6734560484155, -39.0]]]}}, {"type": "Feature", "properties": {"name": "hex_024_001", "depth_2023": 175.6, "normal_2023": 10.9, "anomaly_2023": 164.7, "tier_2023": 2, "triggered_2023": true, "thresholds_2023": [131.6, 153.4, 174.3]}, "geometry": {"type": "Polygon", "coordinates": [[[176.6734560484155, -38.84335822095892], [176.6170579937072, -38.76503733143838], [176.50426188429054, -38.76503733143838], [176.44786382958225, -38.84335822095892], [176.50426188429054, -38.92167911047946], [176.6170579937072, -38.92167911047946], [176.6734560484155, -38.84335822095892]]]}}, {"type": "Feature", "properties": {"name": "hex_024_002", "depth_2023": 164.8, "normal_2023": 11.3, "anomaly_2023": 153.5, "tier_2023": 1, "triggered_2023": true, "thresholds_2023": [136.9, 160.0, 182.2]}, "geometry": {"type": "Polygon", "coordinates": [[[176.6734560484155, -38.68671644191783], [176.6170579937072, -38.60839555239729], [176.50426188429054, -38.60839555239729], [176.44786382958225, -38.68671644191783], [176.50426188429054, -38.76503733143837], [176.6170579937072, -38.76503733143837], [176.6734560484155, -38.68671644191783]]]}}, {"type": "Feature", "properties": {"name": "hex_024_003", "depth_2023": 147.4, "normal_2023": 11.5, "anomaly_2023": 135.8, "tier_2023": 0, "triggered_2023": false, "thresholds_2023": [144.0, 169.0, 193.0]}, "geometry": {"type": "Polygon", "coordinates": [[[176.6734560484155, -38.53007466287675], [176.6170579937072, -38.45175377335621], [176.50426188429054, -38.45175377335621], [176.44786382958225, -38.53007466287675], [176.50426188429054, -38.60839555239729], [176.6170579937072, -38.60839555239729], [176.6734560484155, -38.53007466287675]]]}}, {"type": "Feature", "properties": {"name": "hex_024_004", "depth_2023": 131.7, "normal_2023": 11.2, "anomaly_2023": 120.6, "tier_2023": 0, "triggered_2023": false, "thresholds_2023": [145.9, 171.6, 196.2]}, "geometry": {"type": "Polygon", "coordinates": [[[176.6734560484155, -38.37343288383567], [176.6170579937072, -38.29511199431513], [176.50426188429054, -38.29511199431513], [176.44786382958225, -38.37343288383567], [176.50426188429054, -38.45175377335621], [176.6170579937072, -38.45175377335621], [176.6734560484155, -38.37343288383567]]]}}, {"type": "Feature", "properties": {"name": "hex_024_005", "depth_2023": 124.1, "normal_2023": 11.5, "anomaly_2023": 112.6, "tier_2023": 0, "triggered_2023": false, "thresholds_2023": [143.2, 165.0, 185.9]}, "geometry": {"type": "Polygon", "coordinates": [[[176.6734560484155, -38.21679110479458], [176.6170579937072, -38.13847021527404], [176.50426188429054, -38.13847021527404], [176.44786382958225, -38.21679110479458], [176.50426188429054, -38.29511199431512], [176.6170579937072, -38.29511199431512], [176.6734560484155, -38.21679110479458]]]}}, {"type": "Feature", "properties": {"name": "hex_024_006", "depth_2023": 123.8, "normal_2023": 11.8, "anomaly_2023": 112.0, "tier_2023": 0, "triggered_2023": false, "thresholds_2023": [140.2, 159.8, 178.5]}, "geometry": {"type": "Polygon", "coordinates": [[[176.6734560484155, -38.0601493257535], [176.6170579937072, -37.98182843623296], [176.50426188429054, -37.98182843623296], [176.44786382958225, -38.0601493257535], [176.50426188429054, -38.13847021527404], [176.6170579937072, -38.13847021527404], [176.6734560484155, -38.0601493257535]]]}}, {"type": "Feature", "properties": {"name": "hex_024_007", "depth_2023": 129.5, "normal_2023": 12.2, "anomaly_2023": 117.3, "tier_2023": 0, "triggered_2023": false, "thresholds_2023": [139.2, 157.7, 175.4]}, "geometry": {"type": "Polygon", "coordinates": [[[176.6734560484155, -37.90350754671242], [176.6170579937072, -37.82518665719188], [176.50426188429054, -37.82518665719188], [176.44786382958225, -37.90350754671242], [176.50426188429054, -37.98182843623296], [176.6170579937072, -37.98182843623296], [176.6734560484155, -37.90350754671242]]]}}, {"type": "Feature", "properties": {"name": "hex_025_000", "depth_2023": 156.9, "normal_2023": 11.0, "anomaly_2023": 145.9, "tier_2023": 1, "triggered_2023": true, "thresholds_2023": [135.4, 157.4, 178.5]}, "geometry": {"type": "Polygon", "coordinates": [[[176.84265021254043, -38.92167911047946], [176.78625215783214, -38.84335822095892], [176.6734560484155, -38.84335822095892], [176.6170579937072, -38.92167911047946], [176.6734560484155, -39.0], [176.78625215783214, -39.0], [176.84265021254043, -38.92167911047946]]]}}, {"type": "Feature", "properties": {"name": "hex_025_001", "depth_2023": 148.4, "normal_2023": 11.4, "anomaly_2023": 137.0, "tier_2023": 0, "triggered_2023": false, "thresholds_2023": [138.5, 162.1, 184.8]}, "geometry": {"type": "Polygon", "coordinates": [[[176.84265021254043, -38.76503733143838], [176.78625215783214, -38.68671644191784], [176.6734560484155, -38.68671644191784], [176.6170579937072, -38.76503733143838], [176.6734560484155, -38.84335822095892], [176.78625215783214, -38.84335822095892], [176.84265021254043, -38.76503733143838]]]}}, {"type": "Feature", "properties": {"name": "hex_025_002", "depth_2023": 131.3, "normal_2023": 11.6, "anomaly_2023": 119.7, "tier_2023": 0, "triggered_2023": false, "thresholds_2023": [145.1, 170.9, 195.7]}, "geometry": {"type": "Polygon", "coordinates": [[[176.84265021254043, -38.60839555239729], [176.78625215783214, -38.53007466287675], [176.6734560484155, -38.53007466287675], [176.6170579937072, -38.60839555239729], [176.6734560484155, -38.68671644191783], [176.78625215783214, -38.68671644191783], [176.84265021254043, -38.60839555239729]]]}}, {"type": "Feature", "properties": {"name": "hex_025_003", "depth_2023": 119.7, "normal_2023": 10.9, "anomaly_2023": 108.8, "tier_2023": 0, "triggered_2023": false, "thresholds_2023": [149.6, 175.9, 201.2]}, "geometry": {"type": "Polygon", "coordinates": [[[176.84265021254043, -38.45175377335621], [176.78625215783214, -38.37343288383567], [176.6734560484155, -38.37343288383567], [176.6170579937072, -38.45175377335621], [176.6734560484155, -38.53007466287675], [176.78625215783214, -38.53007466287675], [176.84265021254043, -38.45175377335621]]]}}, {"type": "Feature", "properties": {"name": "hex_025_004", "depth_2023": 114.2, "normal_2023": 10.7, "anomaly_2023": 103.4, "tier_2023": 0, "triggered_2023": false, "thresholds_2023": [148.2, 171.8, 194.4]}, "geometry": {"type": "Polygon", "coordinates": [[[176.84265021254043, -38.29511199431513], [176.78625215783214, -38.21679110479459], [176.6734560484155, -38.21679110479459], [176.6170579937072, -38.29511199431513], [176.6734560484155, -38.37343288383567], [176.78625215783214, -38.37343288383567], [176.84265021254043, -38.29511199431513]]]}}, {"type": "Feature", "properties": {"name": "hex_025_005", "depth_2023": 107.3, "normal_2023": 11.1, "anomaly_2023": 96.3, "tier_2023": 0, "triggered_2023": false, "thresholds_2023": [146.8, 168.2, 188.6]}, "geometry": {"type": "Polygon", "coordinates": [[[176.84265021254043, -38.13847021527404], [176.78625215783214, -38.0601493257535], [176.6734560484155, -38.0601493257535], [176.6170579937072, -38.13847021527404], [176.6734560484155, -38.21679110479458], [176.78625215783214, -38.21679110479458], [176.84265021254043, -38.13847021527404]]]}}, {"type": "Feature", "properties": {"name": "hex_025_006", "depth_2023": 115.2, "normal_2023": 12.0, "anomaly_2023": 103.2, "tier_2023": 0, "triggered_2023": false, "thresholds_2023": [143.1, 163.0, 182.0]}, "geometry": {"type": "Polygon", "coordinates": [[[176.84265021254043, -37.98182843623296], [176.78625215783214, -37.90350754671242], [176.6734560484155, -37.90350754671242], [176.6170579937072, -37.98182843623296], [176.6734560484155, -38.0601493257535], [176.78625215783214, -38.0601493257535], [176.84265021254043, -37.98182843623296]]]}}, {"type": "Feature", "properties": {"name": "hex_026_000", "depth_2023": 128.7, "normal_2023": 10.5, "anomaly_2023": 118.2, "tier_2023": 0, "triggered_2023": false, "thresholds_2023": [143.8, 167.3, 189.8]}, "geometry": {"type": "Polygon", "coordinates": [[[177.01184437666538, -39.0], [176.95544632195708, -38.92167911047946], [176.84265021254043, -38.92167911047946], [176.78625215783214, -39.0], [176.84265021254043, -39.07832088952054], [176.95544632195708, -39.07832088952054], [177.01184437666538, -39.0]]]}}, {"type": "Feature", "properties": {"name": "hex_026_001", "depth_2023": 116.5, "normal_2023": 11.2, "anomaly_2023": 105.3, "tier_2023": 0, "triggered_2023": false, "thresholds_2023": [143.4, 168.8, 193.2]}, "geometry": {"type": "Polygon", "coordinates": [[[177.01184437666538, -38.84335822095892], [176.95544632195708, -38.76503733143838], [176.84265021254043, -38.76503733143838], [176.78625215783214, -38.84335822095892], [176.84265021254043, -38.92167911047946], [176.95544632195708, -38.92167911047946], [177.01184437666538, -38.84335822095892]]]}}, {"type": "Feature", "properties": {"name": "hex_026_002", "depth_2023": 110.5, "normal_2023": 11.5, "anomaly_2023": 98.9, "tier_2023": 0, "triggered_2023": false, "thresholds_2023": [146.1, 172.7, 198.2]}, "geometry": {"type": "Polygon", "coordinates": [[[177.01184437666538, -38.68671644191783], [176.95544632195708, -38.60839555239729], [176.84265021254043, -38.60839555239729], [176.78625215783214, -38.68671644191783], [176.84265021254043, -38.76503733143837], [176.95544632195708, -38.76503733143837], [177.01184437666538, -38.68671644191783]]]}}, {"type": "Feature", "properties": {"name": "hex_026_003", "depth_2023": 104.8, "normal_2023": 11.4, "anomaly_2023": 93.3, "tier_2023": 0, "triggered_2023": false, "thresholds_2023": [148.8, 175.1, 200.3]}, "geometry": {"type": "Polygon", "coordinates": [[[177.01184437666538, -38.53007466287675], [176.95544632195708, -38.45175377335621], [176.84265021254043, -38.45175377335621], [176.78625215783214, -38.53007466287675], [176.84265021254043, -38.60839555239729], [176.95544632195708, -38.60839555239729], [177.01184437666538, -38.53007466287675]]]}}, {"type": "Feature", "properties": {"name": "hex_026_004", "depth_2023": 104.4, "normal_2023": 11.0, "anomaly_2023": 93.4, "tier_2023": 0, "triggered_2023": false, "thresholds_2023": [147.7, 172.6, 196.4]}, "geometry": {"type": "Polygon", "coordinates": [[[177.01184437666538, -38.37343288383567], [176.95544632195708, -38.29511199431513], [176.84265021254043, -38.29511199431513], [176.78625215783214, -38.37343288383567], [176.84265021254043, -38.45175377335621], [176.95544632195708, -38.45175377335621], [177.01184437666538, -38.37343288383567]]]}}, {"type": "Feature", "properties": {"name": "hex_026_005", "depth_2023": 93.1, "normal_2023": 11.1, "anomaly_2023": 82.0, "tier_2023": 0, "triggered_2023": false, "thresholds_2023": [144.7, 166.0, 186.5]}, "geometry": {"type": "Polygon", "coordinates": [[[177.01184437666538, -38.21679110479458], [176.95544632195708, -38.13847021527404], [176.84265021254043, -38.13847021527404], [176.78625215783214, -38.21679110479458], [176.84265021254043, -38.29511199431512], [176.95544632195708, -38.29511199431512], [177.01184437666538, -38.21679110479458]]]}}, {"type": "Feature", "properties": {"name": "hex_026_006", "depth_2023": 89.4, "normal_2023": 11.6, "anomaly_2023": 77.8, "tier_2023": 0, "triggered_2023": false, "thresholds_2023": [145.6, 167.1, 187.8]}, "geometry": {"type": "Polygon", "coordinates": [[[177.01184437666538, -38.0601493257535], [176.95544632195708, -37.98182843623296], [176.84265021254043, -37.98182843623296], [176.78625215783214, -38.0601493257535], [176.84265021254043, -38.13847021527404], [176.95544632195708, -38.13847021527404], [177.01184437666538, -38.0601493257535]]]}}, {"type": "Feature", "properties": {"name": "hex_027_000", "depth_2023": 125.4, "normal_2023": 10.6, "anomaly_2023": 114.8, "tier_2023": 0, "triggered_2023": false, "thresholds_2023": [152.3, 178.0, 202.6]}, "geometry": {"type": "Polygon", "coordinates": [[[177.18103854079033, -38.92167911047946], [177.12464048608203, -38.84335822095892], [177.01184437666538, -38.84335822095892], [176.95544632195708, -38.92167911047946], [177.01184437666538, -39.0], [177.12464048608203, -39.0], [177.18103854079033, -38.92167911047946]]]}}, {"type": "Feature", "properties": {"name": "hex_027_001", "depth_2023": 108.4, "normal_2023": 11.5, "anomaly_2023": 96.9, "tier_2023": 0, "triggered_2023": false, "thresholds_2023": [145.0, 170.8, 195.6]}, "geometry": {"type": "Polygon", "coordinates": [[[177.18103854079033, -38.76503733143838], [177.12464048608203, -38.68671644191784], [177.01184437666538, -38.68671644191784], [176.95544632195708, -38.76503733143838], [177.01184437666538, -38.84335822095892], [177.12464048608203, -38.84335822095892], [177.18103854079033, -38.76503733143838]]]}}, {"type": "Feature", "properties": {"name": "hex_027_002", "depth_2023": 85.4, "normal_2023": 11.2, "anomaly_2023": 74.2, "tier_2023": 0, "triggered_2023": false, "thresholds_2023": [140.1, 163.4, 185.7]}, "geometry": {"type": "Polygon", "coordinates": [[[177.18103854079033, -38.60839555239729], [177.12464048608203, -38.53007466287675], [177.01184437666538, -38.53007466287675], [176.95544632195708, -38.60839555239729], [177.01184437666538, -38.68671644191783], [177.12464048608203, -38.68671644191783], [177.18103854079033, -38.60839555239729]]]}}, {"type": "Feature", "properties": {"name": "hex_027_003", "depth_2023": 87.1, "normal_2023": 11.1, "anomaly_2023": 76.0, "tier_2023": 0, "triggered_2023": false, "thresholds_2023": [144.9, 168.7, 191.6]}, "geometry": {"type": "Polygon", "coordinates": [[[177.18103854079033, -38.45175377335621], [177.12464048608203, -38.37343288383567], [177.01184437666538, -38.37343288383567], [176.95544632195708, -38.45175377335621], [177.01184437666538, -38.53007466287675], [177.12464048608203, -38.53007466287675], [177.18103854079033, -38.45175377335621]]]}}, {"type": "Feature", "properties": {"name": "hex_027_004", "depth_2023": 77.7, "normal_2023": 11.3, "anomaly_2023": 66.4, "tier_2023": 0, "triggered_2023": false, "thresholds_2023": [144.3, 166.1, 187.0]}, "geometry": {"type": "Polygon", "coordinates": [[[177.18103854079033, -38.29511199431513], [177.12464048608203, -38.21679110479459], [177.01184437666538, -38.21679110479459], [176.95544632195708, -38.29511199431513], [177.01184437666538, -38.37343288383567], [177.12464048608203, -38.37343288383567], [177.18103854079033, -38.29511199431513]]]}}, {"type": "Feature", "properties": {"name": "hex_027_005", "depth_2023": 86.9, "normal_2023": 11.7, "anomaly_2023": 75.2, "tier_2023": 0, "triggered_2023": false, "thresholds_2023": [142.9, 164.0, 184.2]}, "geometry": {"type": "Polygon", "coordinates": [[[177.18103854079033, -38.13847021527404], [177.12464048608203, -38.0601493257535], [177.01184437666538, -38.0601493257535], [176.95544632195708, -38.13847021527404], [177.01184437666538, -38.21679110479458], [177.12464048608203, -38.21679110479458], [177.18103854079033, -38.13847021527404]]]}}, {"type": "Feature", "properties": {"name": "hex_028_000", "depth_2023": 121.9, "normal_2023": 10.5, "anomaly_2023": 111.4, "tier_2023": 0, "triggered_2023": false, "thresholds_2023": [160.4, 187.6, 213.6]}, "geometry": {"type": "Polygon", "coordinates": [[[177.3502327049153, -39.0], [177.293834650207, -38.92167911047946], [177.18103854079035, -38.92167911047946], [177.12464048608206, -39.0], [177.18103854079035, -39.07832088952054], [177.293834650207, -39.07832088952054], [177.3502327049153, -39.0]]]}}, {"type": "Feature", "properties": {"name": "hex_028_001", "depth_2023": 118.2, "normal_2023": 11.0, "anomaly_2023": 107.2, "tier_2023": 0, "triggered_2023": false, "thresholds_2023": [154.2, 180.4, 205.6]}, "geometry": {"type": "Polygon", "coordinates": [[[177.3502327049153, -38.84335822095892], [177.293834650207, -38.76503733143838], [177.18103854079035, -38.76503733143838], [177.12464048608206, -38.84335822095892], [177.18103854079035, -38.92167911047946], [177.293834650207, -38.92167911047946], [177.3502327049153, -38.84335822095892]]]}}, {"type": "Feature", "properties": {"name": "hex_028_002", "depth_2023": 92.9, "normal_2023": 11.5, "anomaly_2023": 81.4, "tier_2023": 0, "triggered_2023": false, "thresholds_2023": [142.6, 166.2, 188.8]}, "geometry": {"type": "Polygon", "coordinates": [[[177.3502327049153, -38.68671644191783], [177.293834650207, -38.60839555239729], [177.18103854079035, -38.60839555239729], [177.12464048608206, -38.68671644191783], [177.18103854079035, -38.76503733143837], [177.293834650207, -38.76503733143837], [177.3502327049153, -38.68671644191783]]]}}, {"type": "Feature", "properties": {"name": "hex_028_003", "depth_2023": 75.1, "normal_2023": 10.8, "anomaly_2023": 64.3, "tier_2023": 0, "triggered_2023": false, "thresholds_2023": [140.2, 162.9, 184.6]}, "geometry": {"type": "Polygon", "coordinates": [[[177.3502327049153, -38.53007466287675], [177.293834650207, -38.45175377335621], [177.18103854079035, -38.45175377335621], [177.12464048608206, -38.53007466287675], [177.18103854079035, -38.60839555239729], [177.293834650207, -38.60839555239729], [177.3502327049153, -38.53007466287675]]]}}, {"type": "Feature", "properties": {"name": "hex_028_004", "depth_2023": 70.6, "normal_2023": 10.9, "anomaly_2023": 59.7, "tier_2023": 0, "triggered_2023": false, "thresholds_2023": [142.1, 163.8, 184.6]}, "geometry": {"type": "Polygon", "coordinates": [[[177.3502327049153, -38.37343288383567], [177.293834650207, -38.29511199431513], [177.18103854079035, -38.29511199431513], [177.12464048608206, -38.37343288383567], [177.18103854079035, -38.45175377335621], [177.293834650207, -38.45175377335621], [177.3502327049153, -38.37343288383567]]]}}, {"type": "Feature", "properties": {"name": "hex_028_005", "depth_2023": 68.4, "normal_2023": 11.8, "anomaly_2023": 56.6, "tier_2023": 0, "triggered_2023": false, "thresholds_2023": [145.6, 167.1, 187.8]}, "geometry": {"type": "Polygon", "coordinates": [[[177.3502327049153, -38.21679110479458], [177.293834650207, -38.13847021527404], [177.18103854079035, -38.13847021527404], [177.12464048608206, -38.21679110479458], [177.18103854079035, -38.29511199431512], [177.293834650207, -38.29511199431512], [177.3502327049153, -38.21679110479458]]]}}, {"type": "Feature", "properties": {"name": "hex_028_006", "depth_2023": 67.8, "normal_2023": 12.5, "anomaly_2023": 55.3, "tier_2023": 0, "triggered_2023": false, "thresholds_2023": [145.4, 165.3, 184.5]}, "geometry": {"type": "Polygon", "coordinates": [[[177.3502327049153, -38.0601493257535], [177.293834650207, -37.98182843623296], [177.18103854079035, -37.98182843623296], [177.12464048608206, -38.0601493257535], [177.18103854079035, -38.13847021527404], [177.293834650207, -38.13847021527404], [177.3502327049153, -38.0601493257535]]]}}, {"type": "Feature", "properties": {"name": "hex_029_000", "depth_2023": 113.5, "normal_2023": 10.6, "anomaly_2023": 102.8, "tier_2023": 0, "triggered_2023": false, "thresholds_2023": [158.2, 185.2, 211.2]}, "geometry": {"type": "Polygon", "coordinates": [[[177.51942686904025, -38.92167911047946], [177.46302881433195, -38.84335822095892], [177.3502327049153, -38.84335822095892], [177.293834650207, -38.92167911047946], [177.3502327049153, -39.0], [177.46302881433195, -39.0], [177.51942686904025, -38.92167911047946]]]}}, {"type": "Feature", "properties": {"name": "hex_029_001", "depth_2023": 96.2, "normal_2023": 10.7, "anomaly_2023": 85.5, "tier_2023": 0, "triggered_2023": false, "thresholds_2023": [154.9, 181.3, 206.6]}, "geometry": {"type": "Polygon", "coordinates": [[[177.51942686904025, -38.76503733143838], [177.46302881433195, -38.68671644191784], [177.3502327049153, -38.68671644191784], [177.293834650207, -38.76503733143838], [177.3502327049153, -38.84335822095892], [177.46302881433195, -38.84335822095892], [177.51942686904025, -38.76503733143838]]]}}, {"type": "Feature", "properties": {"name": "hex_029_002", "depth_2023": 75.9, "normal_2023": 10.9, "anomaly_2023": 65.1, "tier_2023": 0, "triggered_2023": false, "thresholds_2023": [144.6, 167.5, 189.5]}, "geometry": {"type": "Polygon", "coordinates": [[[177.51942686904025, -38.60839555239729], [177.46302881433195, -38.53007466287675], [177.3502327049153, -38.53007466287675], [177.293834650207, -38.60839555239729], [177.3502327049153, -38.68671644191783], [177.46302881433195, -38.68671644191783], [177.51942686904025, -38.60839555239729]]]}}, {"type": "Feature", "properties": {"name": "hex_029_003", "depth_2023": 68.8, "normal_2023": 10.7, "anomaly_2023": 58.1, "tier_2023": 0, "triggered_2023": false, "thresholds_2023": [142.8, 165.2, 186.8]}, "geometry": {"type": "Polygon", "coordinates": [[[177.51942686904025, -38.45175377335621], [177.46302881433195, -38.37343288383567], [177.3502327049153, -38.37343288383567], [177.293834650207, -38.45175377335621], [177.3502327049153, -38.53007466287675], [177.46302881433195, -38.53007466287675], [177.51942686904025, -38.45175377335621]]]}}, {"type": "Feature", "properties": {"name": "hex_029_004", "depth_2023": 55.0, "normal_2023": 11.2, "anomaly_2023": 43.8, "tier_2023": 0, "triggered_2023": false, "thresholds_2023": [143.0, 164.4, 185.0]}, "geometry": {"type": "Polygon", "coordinates": [[[177.51942686904025, -38.29511199431513], [177.46302881433195, -38.21679110479459], [177.3502327049153, -38.21679110479459], [177.293834650207, -38.29511199431513], [177.3502327049153, -38.37343288383567], [177.46302881433195, -38.37343288383567], [177.51942686904025, -38.29511199431513]]]}}, {"type": "Feature", "properties": {"name": "hex_029_005", "depth_2023": 54.7, "normal_2023": 12.5, "anomaly_2023": 42.1, "tier_2023": 0, "triggered_2023": false, "thresholds_2023": [146.4, 168.1, 188.9]}, "geometry": {"type": "Polygon", "coordinates": [[[177.51942686904025, -38.13847021527404], [177.46302881433195, -38.0601493257535], [177.3502327049153, -38.0601493257535], [177.293834650207, -38.13847021527404], [177.3502327049153, -38.21679110479458], [177.46302881433195, -38.21679110479458], [177.51942686904025, -38.13847021527404]]]}}, {"type": "Feature", "properties": {"name": "hex_029_006", "depth_2023": 65.9, "normal_2023": 12.9, "anomaly_2023": 53.0, "tier_2023": 0, "triggered_2023": false, "thresholds_2023": [146.2, 167.4, 187.7]}, "geometry": {"type": "Polygon", "coordinates": [[[177.51942686904025, -37.98182843623296], [177.46302881433195, -37.90350754671242], [177.3502327049153, -37.90350754671242], [177.293834650207, -37.98182843623296], [177.3502327049153, -38.0601493257535], [177.46302881433195, -38.0601493257535], [177.51942686904025, -37.98182843623296]]]}}, {"type": "Feature", "properties": {"name": "hex_030_000", "depth_2023": 110.2, "normal_2023": 11.0, "anomaly_2023": 99.3, "tier_2023": 0, "triggered_2023": false, "thresholds_2023": [155.5, 181.6, 206.6]}, "geometry": {"type": "Polygon", "coordinates": [[[177.6886210331652, -39.0], [177.6322229784569, -38.92167911047946], [177.51942686904025, -38.92167911047946], [177.46302881433195, -39.0], [177.51942686904025, -39.07832088952054], [177.6322229784569, -39.07832088952054], [177.6886210331652, -39.0]]]}}, {"type": "Feature", "properties": {"name": "hex_030_001", "depth_2023": 96.2, "normal_2023": 11.1, "anomaly_2023": 85.1, "tier_2023": 0, "triggered_2023": false, "thresholds_2023": [154.9, 181.1, 206.3]}, "geometry": {"type": "Polygon", "coordinates": [[[177.6886210331652, -38.84335822095892], [177.6322229784569, -38.76503733143838], [177.51942686904025, -38.76503733143838], [177.46302881433195, -38.84335822095892], [177.51942686904025, -38.92167911047946], [177.6322229784569, -38.92167911047946], [177.6886210331652, -38.84335822095892]]]}}, {"type": "Feature", "properties": {"name": "hex_030_002", "depth_2023": 82.6, "normal_2023": 11.4, "anomaly_2023": 71.2, "tier_2023": 0, "triggered_2023": false, "thresholds_2023": [153.9, 179.0, 203.1]}, "geometry": {"type": "Polygon", "coordinates": [[[177.6886210331652, -38.68671644191783], [177.6322229784569, -38.60839555239729], [177.51942686904025, -38.60839555239729], [177.46302881433195, -38.68671644191783], [177.51942686904025, -38.76503733143837], [177.6322229784569, -38.76503733143837], [177.6886210331652, -38.68671644191783]]]}}, {"type": "Feature", "properties": {"name": "hex_030_003", "depth_2023": 73.3, "normal_2023": 11.2, "anomaly_2023": 62.1, "tier_2023": 0, "triggered_2023": false, "thresholds_2023": [148.0, 170.7, 192.5]}, "geometry": {"type": "Polygon", "coordinates": [[[177.6886210331652, -38.53007466287675], [177.6322229784569, -38.45175377335621], [177.51942686904025, -38.45175377335621], [177.46302881433195, -38.53007466287675], [177.51942686904025, -38.60839555239729], [177.6322229784569, -38.60839555239729], [177.6886210331652, -38.53007466287675]]]}}, {"type": "Feature", "properties": {"name": "hex_030_004", "depth_2023": 73.3, "normal_2023": 11.3, "anomaly_2023": 62.0, "tier_2023": 0, "triggered_2023": false, "thresholds_2023": [149.0, 172.0, 194.1]}, "geometry": {"type": "Polygon", "coordinates": [[[177.6886210331652, -38.37343288383567], [177.6322229784569, -38.29511199431513], [177.51942686904025, -38.29511199431513], [177.46302881433195, -38.37343288383567], [177.51942686904025, -38.45175377335621], [177.6322229784569, -38.45175377335621], [177.6886210331652, -38.37343288383567]]]}}, {"type": "Feature", "properties": {"name": "hex_030_005", "depth_2023": 52.4, "normal_2023": 11.7, "anomaly_2023": 40.7, "tier_2023": 0, "triggered_2023": false, "thresholds_2023": [148.4, 171.2, 193.2]}, "geometry": {"type": "Polygon", "coordinates": [[[177.6886210331652, -38.21679110479458], [177.6322229784569, -38.13847021527404], [177.51942686904025, -38.13847021527404], [177.46302881433195, -38.21679110479458], [177.51942686904025, -38.29511199431512], [177.6322229784569, -38.29511199431512], [177.6886210331652, -38.21679110479458]]]}}, {"type": "Feature", "properties": {"name": "hex_030_006", "depth_2023": 57.2, "normal_2023": 12.2, "anomaly_2023": 45.0, "tier_2023": 0, "triggered_2023": false, "thresholds_2023": [149.7, 173.4, 196.1]}, "geometry": {"type": "Polygon", "coordinates": [[[177.6886210331652, -38.0601493257535], [177.6322229784569, -37.98182843623296], [177.51942686904025, -37.98182843623296], [177.46302881433195, -38.0601493257535], [177.51942686904025, -38.13847021527404], [177.6322229784569, -38.13847021527404], [177.6886210331652, -38.0601493257535]]]}}, {"type": "Feature", "properties": {"name": "hex_030_007", "depth_2023": 60.7, "normal_2023": 12.9, "anomaly_2023": 47.8, "tier_2023": 0, "triggered_2023": false, "thresholds_2023": [146.4, 167.7, 188.1]}, "geometry": {"type": "Polygon", "coordinates": [[[177.6886210331652, -37.90350754671242], [177.6322229784569, -37.82518665719188], [177.51942686904025, -37.82518665719188], [177.46302881433195, -37.90350754671242], [177.51942686904025, -37.98182843623296], [177.6322229784569, -37.98182843623296], [177.6886210331652, -37.90350754671242]]]}}, {"type": "Feature", "properties": {"name": "hex_031_000", "depth_2023": 110.2, "normal_2023": 11.0, "anomaly_2023": 99.2, "tier_2023": 0, "triggered_2023": false, "thresholds_2023": [153.6, 176.8, 199.0]}, "geometry": {"type": "Polygon", "coordinates": [[[177.85781519729014, -38.92167911047946], [177.80141714258184, -38.84335822095892], [177.6886210331652, -38.84335822095892], [177.6322229784569, -38.92167911047946], [177.6886210331652, -39.0], [177.80141714258184, -39.0], [177.85781519729014, -38.92167911047946]]]}}, {"type": "Feature", "properties": {"name": "hex_031_001", "depth_2023": 94.1, "normal_2023": 11.6, "anomaly_2023": 82.5, "tier_2023": 0, "triggered_2023": false, "thresholds_2023": [157.3, 181.6, 205.0]}, "geometry": {"type": "Polygon", "coordinates": [[[177.85781519729014, -38.76503733143838], [177.80141714258184, -38.68671644191784], [177.6886210331652, -38.68671644191784], [177.6322229784569, -38.76503733143838], [177.6886210331652, -38.84335822095892], [177.80141714258184, -38.84335822095892], [177.85781519729014, -38.76503733143838]]]}}, {"type": "Feature", "properties": {"name": "hex_031_002", "depth_2023": 73.3, "normal_2023": 11.7, "anomaly_2023": 61.6, "tier_2023": 0, "triggered_2023": false, "thresholds_2023": [154.4, 177.6, 200.0]}, "geometry": {"type": "Polygon", "coordinates": [[[177.85781519729014, -38.60839555239729], [177.80141714258184, -38.53007466287675], [177.6886210331652, -38.53007466287675], [177.6322229784569, -38.60839555239729], [177.6886210331652, -38.68671644191783], [177.80141714258184, -38.68671644191783], [177.85781519729014, -38.60839555239729]]]}}, {"type": "Feature", "properties": {"name": "hex_031_003", "depth_2023": 73.3, "normal_2023": 11.7, "anomaly_2023": 61.6, "tier_2023": 0, "triggered_2023": false, "thresholds_2023": [154.9, 179.8, 203.7]}, "geometry": {"type": "Polygon", "coordinates": [[[177.85781519729014, -38.45175377335621], [177.80141714258184, -38.37343288383567], [177.6886210331652, -38.37343288383567], [177.6322229784569, -38.45175377335621], [177.6886210331652, -38.53007466287675], [177.80141714258184, -38.53007466287675], [177.85781519729014, -38.45175377335621]]]}}, {"type": "Feature", "properties": {"name": "hex_031_004", "depth_2023": 59.0, "normal_2023": 11.5, "anomaly_2023": 47.6, "tier_2023": 0, "triggered_2023": false, "thresholds_2023": [154.5, 179.8, 204.2]}, "geometry": {"type": "Polygon", "coordinates": [[[177.85781519729014, -38.29511199431513], [177.80141714258184, -38.21679110479459], [177.6886210331652, -38.21679110479459], [177.6322229784569, -38.29511199431513], [177.6886210331652, -38.37343288383567], [177.80141714258184, -38.37343288383567], [177.85781519729014, -38.29511199431513]]]}}, {"type": "Feature", "properties": {"name": "hex_031_005", "depth_2023": 41.3, "normal_2023": 11.9, "anomaly_2023": 29.4, "tier_2023": 0, "triggered_2023": false, "thresholds_2023": [152.3, 176.9, 200.5]}, "geometry": {"type": "Polygon", "coordinates": [[[177.85781519729014, -38.13847021527404], [177.80141714258184, -38.0601493257535], [177.6886210331652, -38.0601493257535], [177.6322229784569, -38.13847021527404], [177.6886210331652, -38.21679110479458], [177.80141714258184, -38.21679110479458], [177.85781519729014, -38.13847021527404]]]}}, {"type": "Feature", "properties": {"name": "hex_031_006", "depth_2023": 50.7, "normal_2023": 12.5, "anomaly_2023": 38.2, "tier_2023": 0, "triggered_2023": false, "thresholds_2023": [150.3, 173.8, 196.4]}, "geometry": {"type": "Polygon", "coordinates": [[[177.85781519729014, -37.98182843623296], [177.80141714258184, -37.90350754671242], [177.6886210331652, -37.90350754671242], [177.6322229784569, -37.98182843623296], [177.6886210331652, -38.0601493257535], [177.80141714258184, -38.0601493257535], [177.85781519729014, -37.98182843623296]]]}}, {"type": "Feature", "properties": {"name": "hex_031_007", "depth_2023": 53.2, "normal_2023": 12.5, "anomaly_2023": 40.8, "tier_2023": 0, "triggered_2023": false, "thresholds_2023": [147.9, 168.4, 188.1]}, "geometry": {"type": "Polygon", "coordinates": [[[177.85781519729014, -37.82518665719188], [177.80141714258184, -37.74686576767134], [177.6886210331652, -37.74686576767134], [177.6322229784569, -37.82518665719188], [177.6886210331652, -37.90350754671242], [177.80141714258184, -37.90350754671242], [177.85781519729014, -37.82518665719188]]]}}, {"type": "Feature", "properties": {"name": "hex_032_002", "depth_2023": 80.0, "normal_2023": 11.7, "anomaly_2023": 68.3, "tier_2023": 0, "triggered_2023": false, "thresholds_2023": [162.5, 187.1, 210.7]}, "geometry": {"type": "Polygon", "coordinates": [[[178.0270093614151, -38.68671644191783], [177.97061130670681, -38.60839555239729], [177.85781519729017, -38.60839555239729], [177.80141714258187, -38.68671644191783], [177.85781519729017, -38.76503733143837], [177.97061130670681, -38.76503733143837], [178.0270093614151, -38.68671644191783]]]}}, {"type": "Feature", "properties": {"name": "hex_032_003", "depth_2023": 61.6, "normal_2023": 11.7, "anomaly_2023": 49.9, "tier_2023": 0, "triggered_2023": false, "thresholds_2023": [163.0, 188.8, 213.6]}, "geometry": {"type": "Polygon", "coordinates": [[[178.0270093614151, -38.53007466287675], [177.97061130670681, -38.45175377335621], [177.85781519729017, -38.45175377335621], [177.80141714258187, -38.53007466287675], [177.85781519729017, -38.60839555239729], [177.97061130670681, -38.60839555239729], [178.0270093614151, -38.53007466287675]]]}}, {"type": "Feature", "properties": {"name": "hex_032_004", "depth_2023": 57.4, "normal_2023": 11.6, "anomaly_2023": 45.8, "tier_2023": 0, "triggered_2023": false, "thresholds_2023": [163.3, 190.7, 217.0]}, "geometry": {"type": "Polygon", "coordinates": [[[178.0270093614151, -38.37343288383567], [177.97061130670681, -38.29511199431513], [177.85781519729017, -38.29511199431513], [177.80141714258187, -38.37343288383567], [177.85781519729017, -38.45175377335621], [177.97061130670681, -38.45175377335621], [178.0270093614151, -38.37343288383567]]]}}, {"type": "Feature", "properties": {"name": "hex_032_005", "depth_2023": 31.8, "normal_2023": 11.9, "anomaly_2023": 19.9, "tier_2023": 0, "triggered_2023": false, "thresholds_2023": [159.0, 186.1, 212.0]}, "geometry": {"type": "Polygon", "coordinates": [[[178.0270093614151, -38.21679110479458], [177.97061130670681, -38.13847021527404], [177.85781519729017, -38.13847021527404], [177.80141714258187, -38.21679110479458], [177.85781519729017, -38.29511199431512], [177.97061130670681, -38.29511199431512], [178.0270093614151, -38.21679110479458]]]}}, {"type": "Feature", "properties": {"name": "hex_032_006", "depth_2023": 32.5, "normal_2023": 12.2, "anomaly_2023": 20.2, "tier_2023": 0, "triggered_2023": false, "thresholds_2023": [155.3, 180.6, 204.8]}, "geometry": {"type": "Polygon", "coordinates": [[[178.0270093614151, -38.0601493257535], [177.97061130670681, -37.98182843623296], [177.85781519729017, -37.98182843623296], [177.80141714258187, -38.0601493257535], [177.85781519729017, -38.13847021527404], [177.97061130670681, -38.13847021527404], [178.0270093614151, -38.0601493257535]]]}}, {"type": "Feature", "properties": {"name": "hex_032_007", "depth_2023": 47.7, "normal_2023": 12.2, "anomaly_2023": 35.5, "tier_2023": 0, "triggered_2023": false, "thresholds_2023": [152.7, 175.8, 198.0]}, "geometry": {"type": "Polygon", "coordinates": [[[178.0270093614151, -37.90350754671242], [177.97061130670681, -37.82518665719188], [177.85781519729017, -37.82518665719188], [177.80141714258187, -37.90350754671242], [177.85781519729017, -37.98182843623296], [177.97061130670681, -37.98182843623296], [178.0270093614151, -37.90350754671242]]]}}, {"type": "Feature", "properties": {"name": "hex_032_008", "depth_2023": 44.3, "normal_2023": 12.3, "anomaly_2023": 32.0, "tier_2023": 0, "triggered_2023": false, "thresholds_2023": [155.4, 179.2, 202.0]}, "geometry": {"type": "Polygon", "coordinates": [[[178.0270093614151, -37.74686576767133], [177.97061130670681, -37.66854487815079], [177.85781519729017, -37.66854487815079], [177.80141714258187, -37.74686576767133], [177.85781519729017, -37.82518665719187], [177.97061130670681, -37.82518665719187], [178.0270093614151, -37.74686576767133]]]}}, {"type": "Feature", "properties": {"name": "hex_033_002", "depth_2023": 53.9, "normal_2023": 11.7, "anomaly_2023": 42.2, "tier_2023": 0, "triggered_2023": false, "thresholds_2023": [173.6, 199.9, 225.2]}, "geometry": {"type": "Polygon", "coordinates": [[[178.19620352554006, -38.60839555239729], [178.13980547083176, -38.53007466287675], [178.0270093614151, -38.53007466287675], [177.97061130670681, -38.60839555239729], [178.0270093614151, -38.68671644191783], [178.13980547083176, -38.68671644191783], [178.19620352554006, -38.60839555239729]]]}}, {"type": "Feature", "properties": {"name": "hex_033_003", "depth_2023": 48.1, "normal_2023": 11.5, "anomaly_2023": 36.5, "tier_2023": 0, "triggered_2023": false, "thresholds_2023": [174.5, 202.0, 228.4]}, "geometry": {"type": "Polygon", "coordinates": [[[178.19620352554006, -38.45175377335621], [178.13980547083176, -38.37343288383567], [178.0270093614151, -38.37343288383567], [177.97061130670681, -38.45175377335621], [178.0270093614151, -38.53007466287675], [178.13980547083176, -38.53007466287675], [178.19620352554006, -38.45175377335621]]]}}, {"type": "Feature", "properties": {"name": "hex_033_004", "depth_2023": 35.0, "normal_2023": 11.7, "anomaly_2023": 23.3, "tier_2023": 0, "triggered_2023": false, "thresholds_2023": [174.3, 204.6, 233.6]}, "geometry": {"type": "Polygon", "coordinates": [[[178.19620352554006, -38.29511199431513], [178.13980547083176, -38.21679110479459], [178.0270093614151, -38.21679110479459], [177.97061130670681, -38.29511199431513], [178.0270093614151, -38.37343288383567], [178.13980547083176, -38.37343288383567], [178.19620352554006, -38.29511199431513]]]}}, {"type": "Feature", "properties": {"name": "hex_033_005", "depth_2023": 29.1, "normal_2023": 11.9, "anomaly_2023": 17.2, "tier_2023": 0, "triggered_2023": false, "thresholds_2023": [166.2, 194.2, 221.1]}, "geometry": {"type": "Polygon", "coordinates": [[[178.19620352554006, -38.13847021527404], [178.13980547083176, -38.0601493257535], [178.0270093614151, -38.0601493257535], [177.97061130670681, -38.13847021527404], [178.0270093614151, -38.21679110479458], [178.13980547083176, -38.21679110479458], [178.19620352554006, -38.13847021527404]]]}}, {"type": "Feature", "properties": {"name": "hex_033_006", "depth_2023": 29.9, "normal_2023": 11.9, "anomaly_2023": 18.0, "tier_2023": 0, "triggered_2023": false, "thresholds_2023": [166.2, 194.4, 221.5]}, "geometry": {"type": "Polygon", "coordinates": [[[178.19620352554006, -37.98182843623296], [178.13980547083176, -37.90350754671242], [178.0270093614151, -37.90350754671242], [177.97061130670681, -37.98182843623296], [178.0270093614151, -38.0601493257535], [178.13980547083176, -38.0601493257535], [178.19620352554006, -37.98182843623296]]]}}, {"type": "Feature", "properties": {"name": "hex_033_007", "depth_2023": 38.8, "normal_2023": 12.0, "anomaly_2023": 26.8, "tier_2023": 0, "triggered_2023": false, "thresholds_2023": [164.7, 190.7, 215.7]}, "geometry": {"type": "Polygon", "coordinates": [[[178.19620352554006, -37.82518665719188], [178.13980547083176, -37.74686576767134], [178.0270093614151, -37.74686576767134], [177.97061130670681, -37.82518665719188], [178.0270093614151, -37.90350754671242], [178.13980547083176, -37.90350754671242], [178.19620352554006, -37.82518665719188]]]}}, {"type": "Feature", "properties": {"name": "hex_033_008", "depth_2023": 38.8, "normal_2023": 12.1, "anomaly_2023": 26.7, "tier_2023": 0, "triggered_2023": false, "thresholds_2023": [165.3, 191.2, 216.0]}, "geometry": {"type": "Polygon", "coordinates": [[[178.19620352554006, -37.66854487815079], [178.13980547083176, -37.59022398863025], [178.0270093614151, -37.59022398863025], [177.97061130670681, -37.66854487815079], [178.0270093614151, -37.74686576767133], [178.13980547083176, -37.74686576767133], [178.19620352554006, -37.66854487815079]]]}}, {"type": "Feature", "properties": {"name": "hex_034_003", "depth_2023": 48.1, "normal_2023": 11.2, "anomaly_2023": 36.9, "tier_2023": 0, "triggered_2023": false, "thresholds_2023": [179.3, 207.7, 234.9]}, "geometry": {"type": "Polygon", "coordinates": [[[178.365397689665, -38.53007466287675], [178.3089996349567, -38.45175377335621], [178.19620352554006, -38.45175377335621], [178.13980547083176, -38.53007466287675], [178.19620352554006, -38.60839555239729], [178.3089996349567, -38.60839555239729], [178.365397689665, -38.53007466287675]]]}}, {"type": "Feature", "properties": {"name": "hex_034_004", "depth_2023": 35.0, "normal_2023": 12.0, "anomaly_2023": 23.0, "tier_2023": 0, "triggered_2023": false, "thresholds_2023": [188.2, 219.8, 250.2]}, "geometry": {"type": "Polygon", "coordinates": [[[178.365397689665, -38.37343288383567], [178.3089996349567, -38.29511199431513], [178.19620352554006, -38.29511199431513], [178.13980547083176, -38.37343288383567], [178.19620352554006, -38.45175377335621], [178.3089996349567, -38.45175377335621], [178.365397689665, -38.37343288383567]]]}}, {"type": "Feature", "properties": {"name": "hex_034_005", "depth_2023": 27.5, "normal_2023": 12.3, "anomaly_2023": 15.2, "tier_2023": 0, "triggered_2023": false, "thresholds_2023": [184.3, 215.8, 246.1]}, "geometry": {"type": "Polygon", "coordinates": [[[178.365397689665, -38.21679110479458], [178.3089996349567, -38.13847021527404], [178.19620352554006, -38.13847021527404], [178.13980547083176, -38.21679110479458], [178.19620352554006, -38.29511199431512], [178.3089996349567, -38.29511199431512], [178.365397689665, -38.21679110479458]]]}}, {"type": "Feature", "properties": {"name": "hex_034_006", "depth_2023": 32.9, "normal_2023": 12.1, "anomaly_2023": 20.8, "tier_2023": 0, "triggered_2023": false, "thresholds_2023": [176.6, 206.2, 234.7]}, "geometry": {"type": "Polygon", "coordinates": [[[178.365397689665, -38.0601493257535], [178.3089996349567, -37.98182843623296], [178.19620352554006, -37.98182843623296], [178.13980547083176, -38.0601493257535], [178.19620352554006, -38.13847021527404], [178.3089996349567, -38.13847021527404], [178.365397689665, -38.0601493257535]]]}}, {"type": "Feature", "properties": {"name": "hex_034_007", "depth_2023": 28.5, "normal_2023": 11.8, "anomaly_2023": 16.7, "tier_2023": 0, "triggered_2023": false, "thresholds_2023": [174.2, 202.0, 228.8]}, "geometry": {"type": "Polygon", "coordinates": [[[178.365397689665, -37.90350754671242], [178.3089996349567, -37.82518665719188], [178.19620352554006, -37.82518665719188], [178.13980547083176, -37.90350754671242], [178.19620352554006, -37.98182843623296], [178.3089996349567, -37.98182843623296], [178.365397689665, -37.90350754671242]]]}}, {"type": "Feature", "properties": {"name": "hex_034_008", "depth_2023": 29.2, "normal_2023": 12.3, "anomaly_2023": 16.9, "tier_2023": 0, "triggered_2023": false, "thresholds_2023": [172.2, 197.8, 222.4]}, "geometry": {"type": "Polygon", "coordinates": [[[178.365397689665, -37.74686576767133], [178.3089996349567, -37.66854487815079], [178.19620352554006, -37.66854487815079], [178.13980547083176, -37.74686576767133], [178.19620352554006, -37.82518665719187], [178.3089996349567, -37.82518665719187], [178.365397689665, -37.74686576767133]]]}}, {"type": "Feature", "properties": {"name": "hex_034_009", "depth_2023": 26.4, "normal_2023": 12.4, "anomaly_2023": 14.0, "tier_2023": 0, "triggered_2023": false, "thresholds_2023": [171.9, 196.4, 219.9]}, "geometry": {"type": "Polygon", "coordinates": [[[178.365397689665, -37.59022398863025], [178.3089996349567, -37.51190309910971], [178.19620352554006, -37.51190309910971], [178.13980547083176, -37.59022398863025], [178.19620352554006, -37.66854487815079], [178.3089996349567, -37.66854487815079], [178.365397689665, -37.59022398863025]]]}}, {"type": "Feature", "properties": {"name": "hex_035_007", "depth_2023": 19.0, "normal_2023": 12.3, "anomaly_2023": 6.7, "tier_2023": 0, "triggered_2023": false, "thresholds_2023": [177.8, 203.6, 228.4]}, "geometry": {"type": "Polygon", "coordinates": [[[178.53459185378995, -37.82518665719188], [178.47819379908165, -37.74686576767134], [178.365397689665, -37.74686576767134], [178.3089996349567, -37.82518665719188], [178.365397689665, -37.90350754671242], [178.47819379908165, -37.90350754671242], [178.53459185378995, -37.82518665719188]]]}}, {"type": "Feature", "properties": {"name": "hex_035_008", "depth_2023": 19.4, "normal_2023": 12.1, "anomaly_2023": 7.3, "tier_2023": 0, "triggered_2023": false, "thresholds_2023": [171.6, 196.6, 220.5]}, "geometry": {"type": "Polygon", "coordinates": [[[178.53459185378995, -37.66854487815079], [178.47819379908165, -37.59022398863025], [178.365397689665, -37.59022398863025], [178.3089996349567, -37.66854487815079], [178.365397689665, -37.74686576767133], [178.47819379908165, -37.74686576767133], [178.53459185378995, -37.66854487815079]]]}}]}